{"type":"FeatureCollection","features":[{"type":"Feature","properties":{"NAME_1":"Arunachal Pradesh"},"geometry":{"type":"Polygon","coordinates":[[[96.248588,28.945343],[96.366568,29.036537],[96.457605,28.994588],[96.576668,28.808527],[96.59801,28.70991],[96.501044,28.687631],[96.502375,28.644476],[96.301852,28.420711],[96.369644,28.378116],[96.561518,28.447293],[96.716924,28.436539],[96.965791,28.330468],[97.078446,28.375143],[97.323496,28.217478],[97.292903,28.095082],[97.362253,27.994881],[97.333521,27.894164],[97.222933,27.899719],[96.862129,27.599298],[96.881352,27.444114],[97.101287,27.183303],[97.134773,27.127338],[97.119167,27.087288],[97.038035,27.08703],[96.865332,27.171624],[96.853757,27.248725],[96.705239,27.36076],[96.649015,27.336214],[96.5869,27.353577],[96.510936,27.292495],[96.142586,27.25751],[96.013188,27.190796],[95.91645,27.051373],[95.777957,26.995149],[95.699305,26.896189],[95.624271,26.880738],[95.574765,26.816142],[95.489809,26.810716],[95.392658,26.691757],[95.246933,26.648904],[95.235252,26.790613],[95.197425,26.841773],[95.234322,26.945746],[95.179855,27.003727],[95.185022,27.042019],[95.261193,27.048866],[95.423768,27.141289],[95.534252,27.271772],[95.643806,27.230328],[95.799559,27.28588],[95.903738,27.276087],[96.009675,27.369751],[95.978256,27.449694],[95.887719,27.40179],[95.886788,27.557],[95.798525,27.62772],[95.775891,27.717327],[95.938155,27.919149],[95.964096,27.993305],[95.716773,27.990204],[95.408368,27.870831],[95.304808,27.895894],[94.525941,27.603897],[94.352929,27.593122],[94.243064,27.647977],[94.212265,27.612553],[94.256914,27.548086],[94.243064,27.525969],[93.84659,27.198892],[93.826552,27.095995],[93.694674,27.005949],[93.460683,26.947244],[93.375004,26.988792],[93.020297,26.953006],[92.814831,27.050804],[92.698766,27.065919],[92.605748,27.009437],[92.328866,26.935746],[92.080371,26.921571],[92.066969,26.994943],[91.987697,27.104031],[92.088776,27.29234],[92.023598,27.44678],[91.975088,27.472433],[91.727092,27.459942],[91.657382,27.479151],[91.59506,27.546382],[91.573252,27.619711],[91.63577,27.782525],[91.566023,27.821074],[91.564355,27.851372],[91.826589,27.807627],[91.864914,27.729988],[91.952247,27.72482],[91.988898,27.769398],[92.064878,27.761721],[92.239568,27.865277],[92.303854,27.78616],[92.329175,27.832928],[92.367933,27.803834],[92.392841,27.856027],[92.427567,27.821171],[92.574977,27.847806],[92.683674,27.91045],[92.736392,27.985909],[92.689257,28.048315],[92.638924,28.057487],[92.678611,28.133064],[92.779174,28.195903],[92.834777,28.183526],[92.974924,28.282306],[93.207825,28.340539],[93.218073,28.394647],[93.186286,28.431995],[93.286972,28.520517],[93.31717,28.603463],[93.446213,28.671894],[93.86308,28.704871],[93.927786,28.682752],[93.992019,28.844649],[94.173658,28.930164],[94.250183,28.933107],[94.347311,29.024349],[94.270786,29.09793],[94.287505,29.147938],[94.335771,29.149617],[94.396439,29.207081],[94.514778,29.22106],[94.599941,29.316635],[94.704224,29.284699],[94.776571,29.166696],[94.989065,29.153984],[95.199698,29.094246],[95.224916,29.059364],[95.367406,29.036496],[95.487577,29.068994],[95.515337,29.209433],[95.56443,29.245606],[95.717165,29.218284],[95.744781,29.340432],[95.863134,29.323985],[95.953735,29.359219],[96.141966,29.368467],[96.176279,29.286456],[96.235293,29.241214],[96.337096,29.279713],[96.366241,29.257233],[96.316425,29.171864],[96.174625,29.108845],[96.195323,28.941106],[96.248588,28.945343]]]}},{"type":"Feature","properties":{"NAME_1":"Sikkim"},"geometry":{"type":"Polygon","coordinates":[[[88.892331,27.315543],[88.861428,27.270378],[88.775852,27.240871],[88.733082,27.148972],[88.518039,27.176223],[88.371692,27.084574],[88.088815,27.15165],[88.069591,27.209037],[88.004663,27.249163],[88.035122,27.322571],[88.02334,27.494912],[88.159662,27.77412],[88.164623,27.845356],[88.118218,27.860885],[88.099924,27.928322],[88.37877,27.982634],[88.50207,28.028885],[88.594003,28.106606],[88.802931,28.011005],[88.853884,27.843676],[88.741642,27.53168],[88.773578,27.408509],[88.892331,27.315543]]]}},{"type":"Feature","properties":{"NAME_1":"West Bengal"},"geometry":{"type":"MultiPolygon","coordinates":[[[[88.733082,27.148972],[88.827632,27.097882],[88.851713,26.945437],[88.906645,26.981093],[88.932328,26.919237],[89.021574,26.912674],[89.096504,26.821413],[89.212828,26.813041],[89.341657,26.854331],[89.442891,26.797022],[89.586087,26.784051],[89.609806,26.712221],[89.817287,26.696201],[89.834961,26.731548],[89.858701,26.722057],[89.888498,26.532903],[89.815221,26.360975],[89.828864,26.327851],[89.732642,26.250646],[89.735329,26.211708],[89.657829,26.187174],[89.653008,26.22269],[89.61332,26.219383],[89.614406,26.164192],[89.573426,26.16073],[89.569395,26.130086],[89.604225,26.120732],[89.567018,26.087091],[89.611357,26.072208],[89.528416,25.957125],[89.485628,25.998724],[89.315147,26.006786],[89.131593,26.133755],[89.069426,26.287389],[89.102912,26.327335],[88.950157,26.43694],[88.891866,26.368779],[89.007983,26.297156],[89.039712,26.247185],[89.019455,26.234472],[88.975323,26.224344],[88.875794,26.277364],[88.824841,26.226566],[88.747947,26.292505],[88.663404,26.264444],[88.645834,26.27602],[88.712238,26.328265],[88.656273,26.415133],[88.411016,26.545099],[88.385282,26.623544],[88.315105,26.465052],[88.335621,26.448206],[88.353552,26.484586],[88.461143,26.45389],[88.497626,26.352708],[88.431687,26.362216],[88.336602,26.281808],[88.326267,26.21592],[88.163796,26.140473],[88.151032,26.031332],[88.074396,25.908135],[88.127726,25.774914],[88.259915,25.789021],[88.41944,25.653784],[88.423781,25.592237],[88.530286,25.500202],[88.66635,25.462891],[88.741952,25.512759],[88.772338,25.501959],[88.814919,25.458602],[88.799623,25.395609],[88.841998,25.332822],[88.982713,25.294478],[88.909642,25.189161],[88.924163,25.167871],[88.81709,25.196809],[88.784224,25.160946],[88.441299,25.18973],[88.425796,25.051056],[88.322753,24.874684],[88.242758,24.880601],[88.20245,24.9453],[88.114911,24.916413],[88.140955,24.844583],[88.053209,24.754976],[88.02179,24.645603],[88.081838,24.599869],[88.10995,24.500986],[88.475405,24.315468],[88.634517,24.294125],[88.660149,24.338257],[88.737508,24.287097],[88.746397,24.214079],[88.67808,24.154289],[88.674101,24.08264],[88.725002,24.038379],[88.71415,23.925156],[88.653121,23.869784],[88.577621,23.85516],[88.541551,23.638765],[88.719421,23.468104],[88.770168,23.488826],[88.685935,23.293308],[88.69658,23.252354],[88.959975,23.202693],[88.8513,23.07513],[88.838794,22.975808],[88.944524,22.848012],[88.908144,22.740784],[88.95641,22.584979],[88.927988,22.548134],[88.970982,22.527928],[89.00912,22.285618],[89.078159,22.150845],[89.043712,22.137397],[89.036876,22.085598],[89.060883,21.938463],[89.009532,21.904608],[88.944672,21.938788],[88.928722,21.986558],[88.90504,21.969428],[89.01588,21.853339],[89.088227,21.633734],[89.000255,21.60342],[88.896983,21.650133],[88.858653,21.766832],[88.838227,21.701972],[88.858653,21.636542],[88.805837,21.62287],[88.810883,21.691718],[88.77711,21.643541],[88.790538,21.568264],[88.70753,21.578315],[88.694509,21.83983],[88.763031,22.017279],[88.708507,22.072211],[88.763031,22.130561],[88.694835,22.081529],[88.730724,22.037177],[88.689952,21.94599],[88.63087,21.945461],[88.639496,22.109524],[88.683116,22.184963],[88.660167,22.205024],[88.567068,21.850816],[88.564626,21.766832],[88.624034,21.778022],[88.632823,21.750067],[88.612641,21.697496],[88.591807,21.70539],[88.572276,21.557929],[88.536469,21.5751],[88.543956,21.534084],[88.51295,21.524644],[88.487966,21.556545],[88.529633,21.65762],[88.504893,21.741523],[88.532888,21.795315],[88.495616,21.951809],[88.456309,21.62401],[88.393077,21.600246],[88.392589,21.698554],[88.355724,21.684963],[88.331228,21.719062],[88.348806,21.650295],[88.309744,21.610175],[88.298188,21.764106],[88.261567,21.798651],[88.305837,21.571682],[88.254405,21.554674],[88.181895,21.665229],[88.209727,21.78856],[88.146739,21.959215],[88.222423,22.077948],[88.198009,22.167792],[88.077322,22.240424],[88.009044,22.240424],[87.94044,22.413031],[87.906586,22.42475],[87.965343,22.244818],[88.008474,22.204901],[88.132579,22.179145],[88.164317,22.089789],[88.043142,22.017279],[87.983653,21.854193],[87.867198,21.7508],[87.703787,21.655504],[87.477387,21.613593],[87.43087,21.689322],[87.424463,21.774744],[87.251967,21.822105],[87.190678,21.956205],[87.120812,21.976928],[87.031412,21.907991],[86.995858,21.957032],[86.987383,22.066586],[86.70461,22.188698],[86.693344,22.224329],[86.852508,22.302024],[86.803312,22.348378],[86.789876,22.415635],[86.718149,22.469404],[86.716289,22.505578],[86.759387,22.512089],[86.74006,22.55821],[86.611386,22.604254],[86.586891,22.680683],[86.399099,22.784966],[86.410468,22.935784],[86.506482,22.988339],[86.178027,23.005728],[86.001914,23.165098],[85.888432,23.163083],[85.829831,23.260803],[85.89484,23.416478],[85.84151,23.430095],[85.82239,23.470196],[86.004808,23.514224],[86.002224,23.585641],[86.039121,23.607164],[86.129141,23.578354],[86.126454,23.492468],[86.227946,23.443246],[86.273008,23.453737],[86.410468,23.616569],[86.799798,23.725529],[86.815094,23.836685],[86.877209,23.913063],[87.079677,23.815213],[87.166287,23.810227],[87.139312,23.873323],[87.232536,23.845832],[87.282662,23.927945],[87.235533,24.040419],[87.309017,24.056206],[87.33806,24.001843],[87.458156,24.019826],[87.491228,24.055922],[87.488541,24.132429],[87.563265,24.112069],[87.594065,24.178447],[87.661554,24.186198],[87.623727,24.260483],[87.733798,24.334691],[87.80046,24.500779],[87.788988,24.56956],[87.750851,24.593331],[87.849243,24.579534],[87.899989,24.620952],[87.87012,24.634698],[87.895338,24.661828],[87.874771,24.726088],[87.811002,24.785542],[87.854204,24.789702],[87.877458,24.938866],[87.844075,25.041547],[87.776276,25.096789],[87.768731,25.15924],[87.839011,25.288302],[87.743823,25.402636],[87.9558,25.534075],[88.067421,25.49108],[88.042823,25.678149],[87.910531,25.76512],[87.789505,25.919168],[87.839424,26.022314],[87.970269,26.138302],[88.303892,26.351751],[88.254489,26.396038],[88.278674,26.435002],[88.195268,26.50014],[88.203433,26.547191],[88.087136,26.5391],[88.167827,26.762915],[88.096824,26.959337],[87.970733,27.10274],[87.989337,27.218391],[88.004663,27.249163],[88.069591,27.209037],[88.100597,27.143382],[88.233095,27.137104],[88.357429,27.085117],[88.518039,27.176223],[88.733082,27.148972]]],[[[88.841319,21.614],[88.911306,21.566881],[88.90797,21.530707],[88.838715,21.531928],[88.841319,21.614]]],[[[88.050548,21.70539],[88.119314,21.859524],[88.146739,21.869859],[88.167003,21.765448],[88.139415,21.630316],[88.051768,21.641588],[88.050548,21.70539]]],[[[88.636241,21.921373],[88.670584,21.907416],[88.646332,21.787909],[88.584972,21.826606],[88.636241,21.921373]]],[[[88.080903,21.849351],[88.077322,21.904608],[88.118907,21.945014],[88.125011,21.888658],[88.080903,21.849351]]]]}},{"type":"Feature","properties":{"NAME_1":"Assam"},"geometry":{"type":"Polygon","coordinates":[[[89.858701,26.722057],[90.127191,26.751392],[90.17742,26.832058],[90.348831,26.896654],[90.587783,26.780072],[90.717077,26.767049],[91.062069,26.804567],[91.296577,26.774594],[91.420187,26.871539],[91.475067,26.865545],[91.520646,26.79759],[91.702133,26.803481],[91.825123,26.858465],[91.87866,26.803016],[91.89313,26.881358],[92.03586,26.854848],[92.080371,26.921571],[92.328866,26.935746],[92.605748,27.009437],[92.698766,27.065919],[92.814831,27.050804],[93.020297,26.953006],[93.375004,26.988792],[93.479804,26.949208],[93.694674,27.005949],[93.826552,27.095995],[93.84659,27.198892],[94.243064,27.525969],[94.256914,27.548086],[94.212265,27.612553],[94.243064,27.647977],[94.352929,27.593122],[94.525941,27.603897],[95.304808,27.895894],[95.408368,27.870831],[95.716773,27.990204],[95.973088,27.988809],[95.775891,27.717327],[95.798525,27.62772],[95.886788,27.557],[95.887719,27.40179],[95.978256,27.449694],[96.007194,27.365126],[95.903738,27.276087],[95.799559,27.28588],[95.643806,27.230328],[95.559573,27.271385],[95.511101,27.26198],[95.423768,27.141289],[95.261193,27.048866],[95.185022,27.042019],[95.017901,26.928176],[94.917132,26.951172],[94.76541,26.788029],[94.486564,26.676667],[94.345487,26.489701],[94.30828,26.485412],[94.269626,26.55471],[94.195419,26.465465],[94.170407,26.360769],[94.00773,26.184397],[94.002666,26.076755],[93.969696,26.027042],[93.98923,25.94622],[93.947785,25.886172],[93.779113,25.831033],[93.810119,25.903639],[93.796373,25.951595],[93.685062,25.926997],[93.705836,25.864365],[93.338313,25.548467],[93.443733,25.421704],[93.455722,25.322589],[93.312062,25.065783],[93.262969,25.035992],[93.276818,24.973437],[93.239405,24.944808],[93.253357,24.914707],[93.199407,24.816522],[93.117655,24.797195],[93.080035,24.62444],[93.100602,24.577027],[93.064532,24.558915],[93.03673,24.414608],[92.991875,24.380709],[92.837259,24.367609],[92.75778,24.482976],[92.707344,24.369572],[92.622595,24.28074],[92.624455,24.238521],[92.480175,24.129225],[92.431289,24.152996],[92.42302,24.23803],[92.220242,24.264333],[92.257759,24.396005],[92.22789,24.495379],[92.14998,24.542183],[92.233781,24.777533],[92.217658,24.874581],[92.252177,24.902977],[92.380748,24.836702],[92.477693,24.86391],[92.483791,24.928221],[92.384937,25.004773],[92.560686,25.150248],[92.649157,25.155442],[92.811627,25.234119],[92.789613,25.348892],[92.584871,25.491519],[92.677889,25.610633],[92.593449,25.586656],[92.382403,25.764345],[92.167325,25.689543],[92.167015,25.817132],[92.214661,25.919478],[92.175697,25.979784],[92.26427,26.082672],[91.922483,26.03823],[91.807141,26.088098],[91.672472,25.931157],[91.631648,25.93958],[91.637849,26.026112],[91.59196,26.034406],[91.472277,25.8901],[91.527365,25.888084],[91.360553,25.843255],[91.22206,25.730678],[91.195912,25.868938],[91.031271,25.83571],[91.028997,25.899298],[90.97453,25.943636],[90.778056,25.925059],[90.752942,25.962137],[90.644318,25.931467],[90.609591,25.969397],[90.53466,25.910951],[90.545306,25.980663],[90.397098,26.017146],[90.135615,25.959785],[89.980172,25.814006],[89.944619,25.72582],[89.998466,25.580661],[89.903381,25.553531],[89.883331,25.465939],[89.808568,25.439507],[89.834392,25.634767],[89.783129,25.814446],[89.834392,25.931752],[89.792017,25.949115],[89.828656,25.979397],[89.755844,26.032417],[89.718482,26.145537],[89.655798,26.161298],[89.828864,26.327851],[89.815221,26.360975],[89.888498,26.532903],[89.858701,26.722057]]]}},{"type":"Feature","properties":{"NAME_1":"Uttarakhand"},"geometry":{"type":"Polygon","coordinates":[[[80.179839,30.559479],[80.508295,30.462328],[80.596351,30.459796],[80.723062,30.392048],[80.781663,30.320993],[80.976018,30.255209],[81.003303,30.212731],[80.920827,30.17666],[80.867911,30.200173],[80.829825,30.117129],[80.715827,30.013311],[80.57134,29.946855],[80.476152,29.80614],[80.368975,29.757926],[80.354402,29.70488],[80.385201,29.604835],[80.213739,29.416888],[80.280092,29.31015],[80.258181,29.202456],[80.218803,29.211086],[80.220664,29.126079],[80.132607,29.110214],[80.099431,28.977276],[80.033905,28.915936],[80.036386,28.837026],[80.069666,28.805167],[79.98719,28.733569],[79.93479,28.7476],[79.931483,28.782197],[79.895723,28.775195],[79.887041,28.818009],[79.834125,28.805787],[79.841049,28.855293],[79.812627,28.876868],[79.600237,28.84904],[79.526237,28.878418],[79.443658,28.849583],[79.371207,28.969886],[79.29638,28.971565],[79.055878,29.151761],[78.913768,29.105588],[78.867672,29.215168],[78.71409,29.29059],[78.730936,29.320071],[78.860024,29.35025],[78.919969,29.422184],[78.643086,29.537577],[78.478652,29.721959],[78.361657,29.775496],[78.217686,29.953676],[78.154951,29.925435],[78.197842,29.748159],[78.154951,29.674985],[78.107202,29.654521],[77.966539,29.724413],[77.831456,29.659895],[77.750944,29.860193],[77.746397,29.977344],[77.83497,30.131391],[77.946075,30.228336],[77.661544,30.394915],[77.585063,30.382926],[77.565323,30.414862],[77.812956,30.521057],[77.743296,30.600561],[77.770788,30.635055],[77.705779,30.791454],[77.751875,30.883051],[77.793422,30.895737],[77.749704,30.979918],[77.802104,30.992165],[77.798487,31.041361],[77.928918,31.165256],[78.039712,31.17218],[78.312977,31.294498],[78.433693,31.268066],[78.500976,31.219568],[78.792741,31.20701],[78.869533,31.121977],[78.961517,31.121847],[78.993349,31.163395],[78.89261,31.281772],[78.921008,31.269685],[79.07021,31.461381],[79.238319,31.329656],[79.25286,31.245437],[79.367048,31.111559],[79.401592,31.023637],[79.47642,31.014025],[79.577809,30.938371],[79.739039,30.979247],[79.833504,30.961522],[80.062534,30.784789],[80.169297,30.785254],[80.231412,30.724947],[80.16661,30.674408],[80.2033,30.60635],[80.179839,30.559479]]]}},{"type":"Feature","properties":{"NAME_1":"Nagaland"},"geometry":{"type":"Polygon","coordinates":[[[95.246933,26.648904],[95.204865,26.667572],[95.132622,26.620805],[95.040638,26.475594],[95.066062,26.407433],[95.046322,26.24796],[95.094484,26.195043],[95.08818,26.104093],[95.151225,26.049936],[95.00064,25.922036],[95.008805,25.737138],[94.961469,25.717966],[94.782359,25.504594],[94.65036,25.44665],[94.552813,25.490331],[94.570383,25.687631],[94.325333,25.512035],[94.195109,25.496584],[94.026747,25.553841],[93.769605,25.532085],[93.759373,25.499994],[93.807535,25.47953],[93.808569,25.446096],[93.679068,25.328273],[93.605481,25.2058],[93.449211,25.302125],[93.443733,25.421704],[93.338313,25.548467],[93.705836,25.864365],[93.685062,25.926997],[93.796373,25.951595],[93.810119,25.903639],[93.779113,25.831033],[93.947785,25.886172],[93.98923,25.94622],[93.969696,26.027042],[94.002666,26.076755],[94.00773,26.184397],[94.170407,26.360769],[94.195419,26.465465],[94.269626,26.55471],[94.30828,26.485412],[94.345487,26.489701],[94.486564,26.676667],[94.76541,26.788029],[94.917132,26.951172],[95.017901,26.928176],[95.176444,27.033182],[95.234322,26.945746],[95.197425,26.841773],[95.235252,26.790613],[95.246933,26.648904]]]}},{"type":"Feature","properties":{"NAME_1":"Manipur"},"geometry":{"type":"Polygon","coordinates":[[[94.65036,25.44665],[94.553329,25.204147],[94.689135,25.138518],[94.708565,25.02589],[94.581544,24.73012],[94.516329,24.704953],[94.29536,24.332599],[94.11687,23.841647],[93.997911,23.916965],[93.803711,23.936059],[93.711106,24.005461],[93.612404,24.009052],[93.571063,23.968021],[93.456652,23.95996],[93.348545,24.088893],[93.248706,24.017733],[93.232894,24.068841],[93.105666,24.044941],[92.979369,24.104782],[93.045928,24.326526],[93.011822,24.4128],[93.03673,24.414608],[93.064532,24.558915],[93.100602,24.577027],[93.080035,24.62444],[93.117655,24.797195],[93.199407,24.816522],[93.253357,24.914707],[93.239405,24.944808],[93.276818,24.973437],[93.262969,25.035992],[93.312062,25.065783],[93.449211,25.302125],[93.605481,25.2058],[93.679068,25.328273],[93.808569,25.446096],[93.807535,25.47953],[93.759373,25.499994],[93.769605,25.532085],[94.026747,25.553841],[94.195109,25.496584],[94.325333,25.512035],[94.570383,25.687631],[94.535863,25.513688],[94.65036,25.44665]]]}},{"type":"Feature","properties":{"NAME_1":"Mizoram"},"geometry":{"type":"Polygon","coordinates":[[[93.302559,24.035775],[93.355986,23.906991],[93.374796,23.739017],[93.432364,23.647317],[93.3749,23.129726],[93.272787,23.00591],[93.152381,23.049938],[93.138221,23.005264],[93.175532,22.881705],[93.079517,22.77272],[93.099154,22.51196],[93.16592,22.386593],[93.173672,22.259418],[93.123545,22.230686],[93.141735,22.187277],[93.024533,22.201902],[93.025464,22.112915],[92.967172,22.062685],[92.968103,21.987238],[92.906194,22.017314],[92.877462,21.957007],[92.836121,22.046511],[92.683779,22.154308],[92.650913,22.019174],[92.575879,21.977574],[92.537328,22.128625],[92.577015,22.168674],[92.495883,22.695618],[92.442037,22.762927],[92.426327,22.87106],[92.359871,22.926612],[92.327625,23.171429],[92.348606,23.354105],[92.252797,23.609309],[92.268508,23.822009],[92.318634,23.850534],[92.331967,23.994841],[92.29848,24.23772],[92.42302,24.23803],[92.431289,24.152996],[92.489476,24.132507],[92.624455,24.238521],[92.622595,24.28074],[92.707344,24.369572],[92.75778,24.482976],[92.837259,24.367609],[93.018436,24.399131],[93.045928,24.326526],[92.979369,24.104782],[93.105666,24.044941],[93.232894,24.068841],[93.248706,24.017733],[93.302559,24.035775]]]}},{"type":"Feature","properties":{"NAME_1":"Tripura"},"geometry":{"type":"Polygon","coordinates":[[[92.259737,23.702641],[92.222102,23.707779],[92.1943,23.648144],[92.150788,23.731653],[92.019013,23.640057],[91.922688,23.722972],[91.940775,23.495182],[91.817682,23.400924],[91.743681,23.272327],[91.795564,23.089496],[91.706991,22.995368],[91.586068,22.944466],[91.523643,22.995213],[91.463595,23.184116],[91.394349,23.262664],[91.355695,23.224139],[91.370887,23.062779],[91.313527,23.101046],[91.265778,23.329352],[91.287275,23.355552],[91.140824,23.6121],[91.139687,23.65357],[91.175241,23.670313],[91.132349,23.720646],[91.205213,23.771573],[91.216272,23.908387],[91.274149,23.988227],[91.339055,23.995229],[91.363033,24.099848],[91.581831,24.096101],[91.629063,24.215319],[91.703684,24.142946],[91.732623,24.164314],[91.732933,24.234284],[91.807037,24.221133],[91.864501,24.150594],[91.905945,24.260639],[91.899847,24.33805],[91.972194,24.316062],[91.949974,24.375387],[92.08826,24.38164],[92.110894,24.514293],[92.14998,24.542183],[92.22789,24.495379],[92.257759,24.396005],[92.220242,24.264333],[92.29848,24.23772],[92.325352,24.188343],[92.319978,23.857381],[92.270678,23.829114],[92.259737,23.702641]]]}},{"type":"Feature","properties":{"NAME_1":"Meghalaya"},"geometry":{"type":"Polygon","coordinates":[[[92.384937,25.004773],[92.303544,25.074285],[92.033999,25.181668],[91.730142,25.167457],[91.638675,25.124049],[91.566121,25.159964],[91.431866,25.13795],[91.235702,25.201925],[90.82198,25.142291],[90.62344,25.171436],[90.364644,25.149991],[89.908134,25.296907],[89.819044,25.284969],[89.800699,25.412869],[89.888808,25.473303],[89.903381,25.553531],[89.998466,25.580661],[89.944619,25.72582],[89.980172,25.814006],[90.135615,25.959785],[90.397098,26.017146],[90.545306,25.980663],[90.53466,25.910951],[90.609591,25.969397],[90.644318,25.931467],[90.752942,25.962137],[90.778056,25.925059],[90.97453,25.943636],[91.028997,25.899298],[91.031271,25.83571],[91.195912,25.868938],[91.22206,25.730678],[91.360553,25.843255],[91.527365,25.888084],[91.472277,25.8901],[91.59196,26.034406],[91.637849,26.026112],[91.631648,25.93958],[91.672472,25.931157],[91.807141,26.088098],[91.922483,26.03823],[92.255175,26.085152],[92.26148,26.055413],[92.175697,25.979784],[92.214661,25.919478],[92.167015,25.817132],[92.167325,25.689543],[92.382403,25.764345],[92.593449,25.586656],[92.677889,25.610633],[92.584871,25.491519],[92.789613,25.348892],[92.811627,25.234119],[92.649157,25.155442],[92.560686,25.150248],[92.384937,25.004773]]]}},{"type":"Feature","properties":{"NAME_1":"Punjab"},"geometry":{"type":"Polygon","coordinates":[[[75.294659,32.148892],[75.359048,32.261675],[75.298403,32.332427],[75.441938,32.359756],[75.5024,32.300587],[75.5733,32.374639],[75.698253,32.406033],[75.743005,32.464375],[75.866305,32.504864],[75.912607,32.419055],[75.727605,32.287926],[75.613401,32.250926],[75.614641,32.196769],[75.661046,32.188785],[75.580948,32.076699],[75.879741,31.97239],[75.968108,31.841054],[75.923252,31.806276],[76.179464,31.318476],[76.275376,31.310441],[76.319611,31.353797],[76.322091,31.412812],[76.359918,31.430304],[76.439397,31.299692],[76.520529,31.289176],[76.542233,31.255689],[76.567244,31.28052],[76.582334,31.227422],[76.623571,31.226492],[76.601351,31.177529],[76.615303,31.030148],[76.835238,30.83587],[76.814567,30.789129],[76.741497,30.796493],[76.695402,30.755875],[76.780564,30.673451],[76.851258,30.681564],[76.910376,30.514158],[76.891049,30.361248],[76.838752,30.424241],[76.752866,30.43052],[76.721447,30.410599],[76.729715,30.349595],[76.539132,30.245131],[76.545333,30.217794],[76.590809,30.246681],[76.641451,30.197976],[76.624812,30.142837],[76.531381,30.083978],[76.454589,30.101625],[76.409321,30.185884],[76.373457,30.116973],[76.338938,30.141235],[76.317234,30.106561],[76.205819,30.130978],[76.252741,30.088577],[76.216568,30.075193],[76.176984,29.945537],[76.22556,29.869082],[76.043865,29.758158],[75.886665,29.749244],[75.796955,29.830195],[75.698563,29.768984],[75.45248,29.809214],[75.296727,29.633954],[75.301792,29.580494],[75.248565,29.559824],[75.172084,29.688214],[75.238333,29.751879],[75.193168,29.832675],[75.147692,29.792833],[75.100254,29.826914],[75.095293,29.92776],[75.067801,29.888357],[74.99566,29.872983],[74.918663,29.948379],[74.81624,29.98631],[74.710717,29.968378],[74.650669,29.914066],[74.385568,29.963081],[73.887098,29.984242],[73.977118,30.178055],[73.911901,30.303784],[73.842345,30.35298],[74.057526,30.531367],[74.067448,30.610536],[74.163669,30.664899],[74.319215,30.893413],[74.401277,30.893103],[74.658833,31.083789],[74.616975,31.11526],[74.536773,31.115156],[74.506387,31.175411],[74.532225,31.303207],[74.617181,31.458908],[74.489437,31.711192],[74.550415,31.826999],[74.698417,31.950247],[74.783683,31.942858],[74.828641,32.025437],[74.955662,32.032206],[75.040825,32.09799],[75.17415,32.086828],[75.195751,32.128634],[75.294659,32.148892]]]}},{"type":"Feature","properties":{"NAME_1":"Rajasthan"},"geometry":{"type":"Polygon","coordinates":[[[71.477115,27.862435],[71.874403,27.95969],[71.908303,28.135571],[72.149942,28.353774],[72.256499,28.645591],[72.354581,28.767186],[72.930359,29.047685],[73.232873,29.536596],[73.370332,29.927322],[73.557815,30.012536],[73.739716,30.048451],[73.946831,30.204077],[73.97133,30.141856],[73.887098,29.984242],[74.516517,29.94719],[74.547006,29.860813],[74.481893,29.823503],[74.459362,29.763093],[74.498326,29.736247],[74.60478,29.755032],[74.574808,29.589693],[74.610051,29.487787],[74.537084,29.441382],[74.612841,29.332809],[74.831226,29.403761],[74.925484,29.366011],[74.969616,29.284337],[75.042066,29.285706],[75.079583,29.236329],[75.181592,29.273252],[75.249702,29.256406],[75.313781,29.298935],[75.338172,29.234547],[75.388091,29.257646],[75.410002,29.201293],[75.376309,29.170132],[75.392949,29.105976],[75.518729,28.988825],[75.485966,28.926839],[75.593557,28.642671],[75.773081,28.469761],[75.772874,28.432528],[75.887079,28.403848],[75.957772,28.343464],[76.081382,28.174585],[76.032496,28.187815],[75.941442,28.117716],[75.97927,28.084953],[76.030016,28.102135],[75.966247,28.001314],[75.986091,27.970619],[75.926353,27.937597],[75.987538,27.847887],[76.120346,27.851866],[76.179051,27.807657],[76.209126,27.827397],[76.15962,28.044283],[76.175227,28.072835],[76.253775,28.080198],[76.332943,28.051802],[76.343795,28.085883],[76.304418,28.117638],[76.340695,28.13973],[76.302557,28.199235],[76.36798,28.15637],[76.453453,28.162829],[76.483012,28.11738],[76.441567,28.122108],[76.4765,28.084746],[76.445598,28.064696],[76.521769,28.038315],[76.559493,27.97129],[76.657988,28.016972],[76.646826,28.085521],[76.849707,28.232282],[76.941485,28.135337],[76.920401,28.05157],[76.943552,27.865225],[76.900867,27.744095],[76.919367,27.70756],[76.891359,27.683814],[76.973007,27.679293],[77.005874,27.730065],[77.071709,27.741124],[77.032022,27.781354],[77.052486,27.811326],[77.280689,27.80944],[77.340117,27.550463],[77.44254,27.396183],[77.602116,27.329495],[77.657307,27.202707],[77.499797,27.089174],[77.55075,27.040081],[77.643044,27.046618],[77.719112,27.002926],[77.423316,26.88438],[77.397891,26.778883],[77.720455,26.933964],[77.976564,26.904379],[78.016251,26.866655],[78.023176,26.905412],[78.106892,26.947296],[78.246521,26.91784],[78.175311,26.873476],[78.200116,26.823583],[78.164976,26.791931],[78.101207,26.795109],[78.0794,26.682919],[77.90277,26.664032],[77.819157,26.605069],[77.831456,26.575768],[77.715081,26.506031],[77.51437,26.416372],[77.441816,26.413272],[77.415151,26.364851],[77.335776,26.361104],[77.209686,26.241964],[77.124729,26.237856],[77.082458,26.185275],[76.907998,26.098588],[76.740153,25.923224],[76.641141,25.920434],[76.545953,25.848293],[76.512674,25.74463],[76.481151,25.732151],[76.551431,25.460126],[76.765888,25.334655],[76.869655,25.337937],[76.922778,25.306388],[77.095791,25.355378],[77.181057,25.342536],[77.281206,25.442659],[77.358514,25.41186],[77.357894,25.27993],[77.398925,25.212234],[77.382388,25.14291],[77.328851,25.108623],[77.200384,25.129345],[76.999362,25.08772],[76.84733,25.012375],[76.881747,24.890522],[76.782735,24.826754],[76.848054,24.759703],[76.956368,24.742599],[77.014555,24.699165],[77.060857,24.577854],[77.035226,24.538399],[76.922261,24.496076],[76.875752,24.565297],[76.806713,24.5654],[76.820459,24.3373],[76.894149,24.229658],[76.86273,24.175036],[76.766612,24.160334],[76.66915,24.223586],[76.660778,24.309602],[76.581713,24.282446],[76.552051,24.22139],[76.511537,24.209091],[76.45614,24.265031],[76.214501,24.283764],[76.173573,24.351486],[76.123964,24.312005],[76.116626,24.134031],[75.984747,24.036854],[75.986711,23.964894],[75.792511,23.881876],[75.728742,23.916241],[75.692879,23.789143],[75.597071,23.8179],[75.578157,23.875726],[75.501366,23.921744],[75.48607,23.988924],[75.529478,24.04259],[75.621772,23.995228],[75.683577,24.024632],[75.729983,24.00068],[75.806154,24.097703],[75.746416,24.171884],[75.803983,24.292523],[75.75179,24.342261],[75.734427,24.423962],[75.765433,24.493363],[75.837573,24.46998],[75.873953,24.501089],[75.869406,24.599377],[75.813698,24.663895],[75.813388,24.717665],[75.747036,24.78009],[75.448036,24.703144],[75.192238,24.731902],[75.173634,24.774664],[75.210428,24.821043],[75.186863,24.892899],[75.297451,24.839389],[75.405765,24.890212],[75.245154,24.911425],[75.251355,24.93654],[75.320292,24.935248],[75.29156,24.996278],[75.319362,25.059556],[75.133326,25.040022],[75.093846,24.977778],[75.095396,24.896594],[74.995144,24.864116],[74.817067,24.927497],[74.83257,24.800528],[74.979227,24.777454],[74.956903,24.683016],[74.881145,24.664877],[74.78141,24.781743],[74.784304,24.668133],[74.711853,24.523852],[74.846832,24.435511],[74.766424,24.35872],[74.730974,24.26777],[74.869983,24.236118],[74.900266,24.117391],[74.968479,24.041298],[74.903056,23.855263],[74.934992,23.666411],[74.853344,23.526962],[74.631445,23.420354],[74.521271,23.289742],[74.53636,23.250907],[74.65842,23.226464],[74.719605,23.169439],[74.476106,23.062365],[74.387429,23.072597],[74.323453,23.036062],[74.23333,23.1559],[74.121915,23.170214],[74.097524,23.260028],[73.959548,23.358833],[73.885444,23.339222],[73.803485,23.438802],[73.710674,23.415031],[73.627165,23.438699],[73.615383,23.60179],[73.566394,23.635405],[73.504175,23.602642],[73.502728,23.701706],[73.449708,23.719793],[73.411674,23.779221],[73.358138,23.78736],[73.368163,23.899627],[73.42387,23.940942],[73.354107,24.104731],[73.245586,24.015537],[73.101616,24.15943],[73.077535,24.214336],[73.107507,24.29229],[73.216648,24.36903],[73.097275,24.404299],[73.091074,24.507212],[72.994542,24.490056],[72.954958,24.384946],[72.897391,24.360581],[72.717557,24.390243],[72.667637,24.460936],[72.544544,24.510132],[72.50806,24.506463],[72.457004,24.43055],[72.413596,24.522974],[72.356028,24.524679],[72.248748,24.592711],[72.328433,24.617154],[72.327503,24.642165],[72.172784,24.634001],[72.050931,24.708363],[71.934762,24.658159],[71.856834,24.684928],[71.821487,24.635706],[71.762783,24.676582],[71.637002,24.657643],[71.545845,24.688054],[71.222351,24.636817],[71.056632,24.69282],[70.915237,24.946618],[70.848574,25.163323],[70.734886,25.267348],[70.654478,25.39659],[70.653857,25.674455],[70.592259,25.708819],[70.477227,25.676315],[70.264579,25.697296],[70.083246,25.929943],[70.073893,26.083112],[70.146912,26.217419],[70.158074,26.530113],[70.056064,26.589076],[69.772258,26.59507],[69.472844,26.766584],[69.507571,27.050081],[69.575577,27.188419],[69.848015,27.410369],[70.016894,27.60059],[70.101953,27.81174],[70.341939,28.01147],[70.456247,28.039788],[70.559806,27.998447],[70.633187,27.93163],[70.671738,27.791095],[70.761758,27.709783],[70.91379,27.717818],[71.226329,27.845356],[71.477115,27.862435]]]}},{"type":"Feature","properties":{"NAME_1":"Gujarat"},"geometry":{"type":"Polygon","coordinates":[[[70.996679,24.356602],[71.082772,24.411508],[70.977145,24.464942],[70.954821,24.584521],[70.977145,24.639686],[71.056632,24.69282],[71.222351,24.636817],[71.545845,24.688054],[71.637002,24.657643],[71.762783,24.676582],[71.821487,24.635706],[71.856834,24.684928],[71.934762,24.658159],[72.050931,24.708363],[72.172784,24.634001],[72.327503,24.642165],[72.328433,24.617154],[72.248748,24.592711],[72.356028,24.524679],[72.413596,24.522974],[72.457004,24.43055],[72.50806,24.506463],[72.544544,24.510132],[72.667637,24.460936],[72.717557,24.390243],[72.897391,24.360581],[72.954958,24.384946],[72.994542,24.490056],[73.091074,24.507212],[73.097275,24.404299],[73.216648,24.36903],[73.107507,24.29229],[73.077535,24.214336],[73.101616,24.15943],[73.245586,24.015537],[73.354107,24.104731],[73.42387,23.940942],[73.368163,23.899627],[73.358138,23.78736],[73.411674,23.779221],[73.449708,23.719793],[73.502728,23.701706],[73.504175,23.602642],[73.566394,23.635405],[73.615383,23.60179],[73.627165,23.438699],[73.710674,23.415031],[73.803485,23.438802],[73.885444,23.339222],[73.959548,23.358833],[74.083675,23.271526],[74.121915,23.170214],[74.205941,23.172074],[74.308054,23.069471],[74.365001,22.874961],[74.412544,22.879637],[74.451921,22.840932],[74.458122,22.804112],[74.360247,22.632417],[74.272707,22.609654],[74.139899,22.50581],[74.033445,22.509634],[74.025694,22.47961],[74.098144,22.416927],[74.245732,22.385611],[74.196536,22.332694],[74.136798,22.320912],[74.084915,22.349411],[74.059387,22.320628],[74.066208,22.205622],[74.140622,22.07147],[74.12884,21.951761],[73.809376,21.836471],[73.803485,21.739784],[73.839142,21.682191],[73.751602,21.611033],[73.820848,21.508326],[74.146513,21.570699],[74.191575,21.545507],[74.28542,21.573102],[74.299992,21.527911],[74.108686,21.451559],[74.04223,21.461791],[73.960168,21.394379],[73.91862,21.291569],[73.841312,21.265808],[73.808446,21.285885],[73.766898,21.203796],[73.696102,21.164677],[73.553475,21.195477],[73.633986,21.119383],[73.705093,21.118711],[73.868287,20.974767],[73.909008,20.775709],[73.81103,20.676904],[73.792323,20.606184],[73.699822,20.562414],[73.629956,20.563861],[73.447228,20.720028],[73.364649,20.652667],[73.4587,20.538023],[73.360721,20.369377],[73.394104,20.270391],[73.377878,20.180319],[73.262536,20.190938],[73.237732,20.131381],[73.19298,20.111021],[73.166315,20.114871],[73.154739,20.177838],[73.05366,20.142208],[73.037434,20.212048],[73.123217,20.278142],[73.074124,20.291733],[73.065132,20.337338],[72.963536,20.295247],[72.942866,20.253544],[72.89243,20.251839],[72.947207,20.127402],[72.708102,20.072644],[72.781586,20.352281],[72.881826,20.392104],[72.847004,20.468313],[72.886485,20.531562],[72.898936,20.732164],[72.946788,20.759467],[72.919444,20.821519],[72.885753,20.807115],[72.900401,20.868109],[72.836925,20.835842],[72.864919,20.897284],[72.836681,20.929918],[72.888438,20.982611],[72.832693,20.972357],[72.771983,21.023871],[72.849864,21.048],[72.809581,21.130032],[72.741954,21.123236],[72.700369,21.074774],[72.714041,21.16413],[72.676443,21.153632],[72.671235,21.099799],[72.615001,21.105862],[72.734548,21.19892],[72.645763,21.273383],[72.618419,21.252916],[72.586762,21.341213],[72.645763,21.362779],[72.564626,21.38581],[72.747081,21.452867],[72.738292,21.482856],[72.583669,21.417426],[72.61964,21.487372],[72.82309,21.643948],[72.889659,21.64053],[73.132009,21.757799],[72.926931,21.684963],[72.550304,21.666693],[72.528494,21.695136],[72.566905,21.849351],[72.618419,21.925116],[72.690115,21.938788],[72.734548,21.994045],[72.542735,21.910834],[72.50172,21.97602],[72.535899,22.14053],[72.57545,22.194525],[72.634451,22.210395],[72.74822,22.164049],[72.812266,22.234117],[72.916026,22.22309],[72.905772,22.281399],[72.756602,22.24372],[72.573741,22.288235],[72.466156,22.232571],[72.463878,22.263983],[72.391856,22.253485],[72.397227,22.366767],[72.328298,22.260728],[72.275157,22.260321],[72.240408,22.301907],[72.148774,22.277899],[72.190684,22.251288],[72.240408,22.288235],[72.239106,22.238918],[72.306488,22.22956],[72.307628,22.079006],[72.25766,22.012152],[72.173106,21.975653],[72.097016,22.007025],[72.128103,21.983547],[72.076508,21.979722],[72.102061,21.945054],[72.028656,21.938788],[72.156505,21.925849],[72.169444,21.841376],[72.057953,21.898749],[72.104503,21.835761],[72.004161,21.857733],[71.996104,21.799506],[72.021821,21.774319],[72.166026,21.793931],[72.298839,21.626288],[72.2199,21.444729],[72.104503,21.315009],[72.104747,21.205064],[71.76295,21.032294],[71.583507,20.958238],[71.549571,20.951239],[71.551117,20.973578],[71.46225,20.885321],[71.140636,20.765692],[70.982002,20.73808],[70.972992,20.709621],[70.740245,20.718492],[70.336681,20.927069],[70.054445,21.153155],[69.808604,21.465806],[69.427419,21.781236],[69.39088,21.876695],[69.336192,21.862454],[69.198416,21.979722],[68.944591,22.295071],[68.983246,22.419379],[69.073578,22.481879],[69.048188,22.431586],[69.071788,22.399482],[69.202159,22.414862],[69.169688,22.327948],[69.212087,22.273912],[69.479666,22.342231],[69.525645,22.392076],[69.515961,22.448147],[69.547862,22.452094],[69.554698,22.377631],[69.616059,22.355902],[69.699392,22.404283],[69.733409,22.480048],[69.794932,22.418606],[69.972992,22.541449],[70.178477,22.561957],[70.375255,22.902655],[70.504731,22.97956],[70.528494,23.047065],[70.50294,23.104397],[70.467133,23.129706],[70.398774,23.069037],[70.392426,22.940863],[70.303477,22.938137],[70.233084,23.000149],[70.222016,22.959174],[70.163097,22.948961],[70.130626,22.993964],[70.109548,22.959174],[70.135427,22.929999],[69.833181,22.858466],[69.715831,22.746894],[69.585704,22.761176],[69.201915,22.85224],[68.866222,23.019965],[68.654063,23.157782],[68.599946,23.225043],[68.623057,23.267646],[68.552257,23.259711],[68.561046,23.316107],[68.606944,23.325588],[68.520681,23.369208],[68.536388,23.421332],[68.475352,23.404853],[68.465505,23.445787],[68.423676,23.445787],[68.48585,23.514106],[68.437348,23.548814],[68.446951,23.502997],[68.411632,23.494696],[68.408865,23.621324],[68.491466,23.618842],[68.469412,23.659247],[68.533539,23.679185],[68.670746,23.815741],[68.821625,23.878404],[68.633474,23.833075],[68.598888,23.781887],[68.427745,23.714301],[68.327322,23.5869],[68.143403,23.612698],[68.19809,23.659084],[68.27589,23.665839],[68.280447,23.685981],[68.208751,23.696234],[68.197765,23.774807],[68.163748,23.757717],[68.183517,23.8433],[68.26036,23.895545],[68.263926,23.93593],[68.300409,23.910505],[68.342629,23.968564],[68.353636,23.939289],[68.431564,23.967143],[68.724466,23.965179],[68.747307,24.331177],[68.79919,24.329085],[68.838774,24.236455],[68.904197,24.320584],[68.980781,24.255394],[69.067701,24.288441],[69.166713,24.253172],[69.280815,24.283739],[69.563071,24.276762],[69.670558,24.188706],[69.769054,24.162557],[70.015964,24.174055],[70.109705,24.3049],[70.520946,24.424919],[70.562907,24.424092],[70.56022,24.287253],[70.621508,24.241157],[70.776021,24.236687],[70.851468,24.264877],[70.840926,24.30583],[70.917717,24.361718],[70.996679,24.356602]]]}},{"type":"Feature","properties":{"NAME_1":"Himachal Pradesh"},"geometry":{"type":"Polygon","coordinates":[[[78.380983,32.528041],[78.452193,32.416782],[78.457981,32.229662],[78.513068,32.20757],[78.744578,31.9642],[78.670887,31.770517],[78.724011,31.673313],[78.818889,31.607374],[78.699516,31.510016],[78.762561,31.44511],[78.740857,31.317728],[78.89261,31.281772],[78.993246,31.130787],[78.869533,31.121977],[78.792741,31.20701],[78.500976,31.219568],[78.433693,31.268066],[78.312977,31.294498],[78.039712,31.17218],[77.941114,31.172904],[77.798487,31.041361],[77.802104,30.992165],[77.749704,30.979918],[77.793422,30.895737],[77.751875,30.883051],[77.705779,30.791454],[77.770788,30.635055],[77.743296,30.600561],[77.812956,30.521057],[77.575865,30.428737],[77.583823,30.382177],[77.513336,30.424939],[77.434375,30.421218],[77.452048,30.454782],[77.380528,30.429254],[77.241001,30.489328],[77.208135,30.476951],[77.134135,30.554363],[77.150258,30.663994],[77.12597,30.711382],[77.001533,30.777347],[76.905725,30.899303],[76.84702,30.898683],[76.810123,30.934262],[76.768162,30.907597],[76.625638,31.016608],[76.5998,31.134896],[76.628429,31.220084],[76.582334,31.227422],[76.567244,31.28052],[76.542233,31.255689],[76.520529,31.289176],[76.439397,31.299692],[76.359918,31.430304],[76.322091,31.412812],[76.319611,31.353797],[76.275376,31.310441],[76.179464,31.318476],[75.923252,31.806276],[75.968108,31.841054],[75.879741,31.97239],[75.577847,32.083701],[75.661046,32.188785],[75.614641,32.196769],[75.613401,32.250926],[75.727605,32.287926],[75.912607,32.419055],[75.847391,32.516749],[75.922632,32.617338],[75.9124,32.761902],[75.806877,32.923675],[75.858554,32.94215],[75.954672,32.901377],[76.100813,33.01305],[76.237032,33.063486],[76.294289,33.147899],[76.542439,33.232856],[76.625949,33.189292],[76.754519,33.194563],[77.088453,32.950211],[77.348695,32.867245],[77.55354,32.923417],[77.721075,33.012636],[77.857915,32.873007],[78.008913,32.61031],[78.243731,32.69294],[78.317732,32.764667],[78.360416,32.767613],[78.37778,32.657335],[78.304089,32.59615],[78.274013,32.491144],[78.313391,32.471739],[78.380983,32.528041]]]}},{"type":"Feature","properties":{"NAME_1":"Bihar"},"geometry":{"type":"Polygon","coordinates":[[[87.648745,26.409993],[87.727544,26.403764],[87.756173,26.446914],[87.869809,26.464639],[87.928979,26.396426],[88.006648,26.369864],[88.074189,26.453942],[88.087136,26.5391],[88.194028,26.549517],[88.195268,26.50014],[88.282291,26.428439],[88.254489,26.396038],[88.300171,26.338935],[87.970269,26.138302],[87.839424,26.022314],[87.787438,25.911675],[87.94257,25.735329],[88.042823,25.678149],[88.067421,25.49108],[87.9558,25.534075],[87.768007,25.436277],[87.74496,25.399458],[87.839011,25.288302],[87.783717,25.214094],[87.749611,25.248227],[87.598715,25.266701],[87.523475,25.323778],[87.423429,25.18854],[87.302506,25.183915],[87.261372,25.063974],[87.185511,25.061985],[87.121329,24.986279],[87.121742,24.863754],[87.068102,24.778488],[87.042264,24.588396],[86.917827,24.612684],[86.889922,24.531604],[86.755356,24.588138],[86.702336,24.547778],[86.585651,24.561447],[86.49439,24.479798],[86.449742,24.343114],[86.276419,24.434814],[86.304634,24.500314],[86.290475,24.551551],[86.136686,24.569586],[86.097722,24.690483],[86.03292,24.712394],[86.040154,24.749988],[85.911583,24.698467],[85.849158,24.764458],[85.746012,24.770039],[85.64731,24.648573],[85.656818,24.557649],[85.578374,24.557804],[85.526387,24.501554],[85.280614,24.487265],[85.170957,24.430912],[85.088998,24.341951],[85.080626,24.393318],[84.908854,24.353682],[84.876298,24.436442],[84.835163,24.43794],[84.798473,24.496593],[84.688195,24.430705],[84.657603,24.37505],[84.588253,24.394429],[84.484487,24.302858],[84.314368,24.443134],[84.305376,24.530803],[84.202954,24.52132],[84.190241,24.476594],[84.156858,24.510985],[84.130503,24.469773],[84.021673,24.639039],[83.918423,24.543799],[83.695905,24.506282],[83.523099,24.529666],[83.523615,24.746345],[83.35484,24.875045],[83.364245,24.998397],[83.323007,25.079012],[83.337684,25.183295],[83.384089,25.235928],[83.886901,25.517022],[84.143422,25.736207],[84.212876,25.728042],[84.222384,25.660837],[84.276024,25.641484],[84.324187,25.658899],[84.314678,25.74215],[84.355916,25.760547],[84.524174,25.700215],[84.610474,25.773879],[84.531616,25.862091],[84.456582,25.869972],[84.374313,25.940303],[84.243571,25.943714],[84.206054,26.015415],[84.064874,26.103549],[83.988083,26.208556],[84.00772,26.25093],[84.18559,26.284856],[84.161716,26.337928],[84.186211,26.394617],[84.015988,26.473449],[83.926278,26.464638],[83.925865,26.546364],[83.963485,26.515927],[84.054022,26.564761],[84.099187,26.649588],[84.39395,26.65442],[84.306307,26.744363],[84.246362,26.757049],[84.226105,26.891511],[84.149004,26.876344],[84.070559,26.923602],[84.02343,27.059951],[83.941368,27.154028],[83.892792,27.323966],[83.84804,27.329004],[83.87765,27.369907],[83.834087,27.434037],[84.007668,27.440807],[84.099548,27.516874],[84.289408,27.376108],[84.577039,27.329031],[84.657654,27.203405],[84.62148,27.057988],[84.640239,27.028377],[84.817489,27.0106],[84.924046,26.955668],[85.018562,26.845804],[85.162016,26.851024],[85.194934,26.758885],[85.28728,26.736974],[85.609379,26.851024],[85.701828,26.796608],[85.712887,26.653206],[85.828538,26.566131],[86.01137,26.654447],[86.195855,26.582668],[86.284428,26.61202],[86.713601,26.414565],[86.738199,26.44371],[86.821863,26.438129],[87.041333,26.580187],[87.10629,26.404746],[87.2191,26.408105],[87.30049,26.34599],[87.416452,26.426967],[87.586984,26.378029],[87.648745,26.409993]]]}},{"type":"Feature","properties":{"NAME_1":"Uttar Pradesh"},"geometry":{"type":"Polygon","coordinates":[[[82.673891,27.696458],[82.752137,27.494964],[83.132786,27.444217],[83.282441,27.330943],[83.362746,27.385616],[83.355925,27.452486],[83.387034,27.470469],[83.590432,27.45662],[83.890105,27.328126],[83.885764,27.280144],[83.942401,27.222499],[83.941368,27.154028],[84.02343,27.059951],[84.070559,26.923602],[84.149004,26.876344],[84.226105,26.891511],[84.246362,26.757049],[84.306307,26.744363],[84.39395,26.65442],[84.099187,26.649588],[84.054022,26.564761],[83.963485,26.515927],[83.925865,26.546364],[83.926278,26.464638],[84.015988,26.473449],[84.186211,26.394617],[84.161716,26.337928],[84.18559,26.284856],[84.00772,26.25093],[83.988083,26.208556],[84.261451,25.931312],[84.374313,25.940303],[84.612438,25.78685],[84.592181,25.738352],[84.524174,25.700215],[84.372762,25.765068],[84.32615,25.748506],[84.32646,25.663318],[84.276024,25.641484],[84.222384,25.660837],[84.212876,25.728042],[84.143422,25.736207],[83.886901,25.517022],[83.345952,25.198979],[83.323007,25.079012],[83.364245,24.998397],[83.35484,24.875045],[83.523615,24.746345],[83.523099,24.529666],[83.398352,24.493311],[83.451578,24.353682],[83.215004,23.948978],[83.104003,23.91221],[82.936468,23.920168],[82.734516,24.06587],[82.736067,24.11504],[82.673848,24.180333],[82.732863,24.21413],[82.764799,24.33004],[82.734413,24.551628],[82.818025,24.589404],[82.772137,24.668314],[82.716533,24.680432],[82.714569,24.717768],[82.595093,24.687744],[82.427145,24.718569],[82.409678,24.635628],[82.307049,24.632011],[82.323379,24.693764],[82.265191,24.715443],[82.26302,24.791174],[82.208037,24.764303],[82.208657,24.843109],[82.122151,24.808098],[81.956062,24.871015],[81.873173,24.929977],[81.842064,25.027077],[81.752767,25.020489],[81.707602,25.065292],[81.577894,25.084542],[81.536967,25.199754],[81.425345,25.164821],[81.469167,25.126942],[81.418421,25.104127],[81.369638,25.11162],[81.360543,25.156966],[81.243238,25.169523],[81.235486,25.089115],[81.174611,25.011083],[81.181433,24.958141],[81.09813,24.908609],[81.004699,24.966435],[80.761717,24.983307],[80.858868,25.187558],[80.835407,25.217738],[80.777426,25.16309],[80.666425,25.149706],[80.717895,25.081984],[80.63883,25.073431],[80.564623,25.152444],[80.546433,25.107538],[80.458479,25.117046],[80.513877,25.050461],[80.47822,25.018344],[80.4067,25.063768],[80.40701,25.013357],[80.297146,25.012065],[80.26986,25.088598],[80.421996,25.185982],[80.399362,25.244041],[80.322054,25.288276],[80.283606,25.41447],[80.198134,25.416433],[80.124546,25.350959],[80.087029,25.361631],[79.840429,25.240682],[79.86327,25.153245],[79.801672,25.131929],[79.553728,25.179032],[79.479521,25.105548],[79.399009,25.141334],[79.391981,25.074129],[79.357668,25.071106],[79.332553,25.088986],[79.339065,25.147406],[79.441797,25.297268],[79.310332,25.243808],[79.289559,25.279543],[79.311573,25.36455],[79.261963,25.295924],[79.279533,25.164278],[79.17153,25.181667],[79.125848,25.14384],[79.109001,25.195026],[79.024045,25.174639],[79.011333,25.213991],[79.047403,25.256934],[78.99862,25.282695],[78.972989,25.228176],[78.869843,25.180505],[78.867672,25.237736],[78.935472,25.304063],[78.959966,25.426536],[78.909117,25.441393],[78.919142,25.504593],[78.891133,25.538106],[78.835529,25.419741],[78.800803,25.426872],[78.781889,25.524024],[78.726906,25.494465],[78.748816,25.426149],[78.727526,25.346386],[78.652285,25.409457],[78.582108,25.406744],[78.513585,25.273367],[78.573737,25.212156],[78.648874,24.940726],[78.723702,24.848716],[78.719774,24.656402],[78.740135,24.631003],[78.871083,24.625732],[78.922449,24.533309],[78.916248,24.4868],[78.97826,24.467422],[78.972369,24.422566],[78.809795,24.220227],[78.489401,24.410784],[78.435037,24.328076],[78.370545,24.30247],[78.330134,24.342029],[78.350494,24.407968],[78.223887,24.519227],[78.272256,24.62444],[78.224921,24.79412],[78.16911,24.865459],[78.324863,25.002169],[78.366307,25.186008],[78.251172,25.39783],[78.330031,25.464777],[78.370545,25.552678],[78.546451,25.572574],[78.747576,25.642725],[78.733313,25.774164],[78.808348,25.84155],[78.953145,26.100319],[78.919969,26.144658],[78.956556,26.197807],[78.938159,26.254599],[79.058565,26.343044],[79.049263,26.44066],[78.926067,26.706225],[78.861264,26.701265],[78.710059,26.798881],[78.563505,26.758496],[78.350598,26.858464],[78.200116,26.823583],[78.172624,26.868619],[78.246005,26.922905],[78.1688,26.948924],[78.029274,26.910012],[78.016251,26.866655],[77.976564,26.904379],[77.720455,26.933964],[77.397891,26.778883],[77.423316,26.88438],[77.719215,27.015793],[77.67405,27.006259],[77.643044,27.046618],[77.559742,27.0368],[77.503414,27.080466],[77.657307,27.202707],[77.602116,27.329495],[77.434065,27.406131],[77.318309,27.616868],[77.332882,27.671024],[77.280689,27.80944],[77.469928,27.888065],[77.529253,27.952506],[77.468068,28.046815],[77.469721,28.112729],[77.503828,28.092859],[77.494939,28.151848],[77.538658,28.180993],[77.497006,28.208924],[77.538658,28.243057],[77.466517,28.315223],[77.497006,28.393254],[77.415461,28.464955],[77.37722,28.455344],[77.297845,28.569393],[77.337533,28.626186],[77.313142,28.707266],[77.206275,28.821859],[77.220744,28.914385],[77.175476,28.963064],[77.195733,28.997584],[77.133928,29.116363],[77.148191,29.414923],[77.065612,29.424845],[77.120285,29.483782],[77.065612,29.503677],[77.05817,29.555483],[77.099821,29.589021],[77.087832,29.6585],[77.180437,29.804253],[77.229943,29.976646],[77.570077,30.27823],[77.585063,30.382926],[77.661544,30.394915],[77.946075,30.228336],[77.83497,30.131391],[77.746397,29.977344],[77.750944,29.860193],[77.831456,29.659895],[77.966539,29.724413],[78.107202,29.654521],[78.154951,29.674985],[78.197842,29.748159],[78.154951,29.925435],[78.217686,29.953676],[78.361657,29.775496],[78.478652,29.721959],[78.643086,29.537577],[78.919969,29.422184],[78.860024,29.35025],[78.730936,29.320071],[78.71409,29.29059],[78.867672,29.215168],[78.913768,29.105588],[79.055878,29.151761],[79.29638,28.971565],[79.371207,28.969886],[79.443658,28.849583],[79.526237,28.878418],[79.600237,28.84904],[79.812627,28.876868],[79.841049,28.855293],[79.834125,28.805787],[79.887041,28.818009],[79.895723,28.775195],[79.931483,28.782197],[79.971998,28.732872],[80.081861,28.819353],[80.291047,28.689671],[80.329701,28.627479],[80.408352,28.626342],[80.488451,28.562444],[80.487624,28.656469],[80.555837,28.678948],[80.563589,28.647038],[80.635625,28.627866],[80.781663,28.514746],[80.872252,28.496866],[80.905273,28.440849],[81.169701,28.361319],[81.296205,28.12831],[81.396044,28.160634],[81.473455,28.066402],[81.855654,27.850937],[81.975905,27.916953],[82.02722,27.912406],[82.401926,27.677175],[82.673891,27.696458]]]}},{"type":"Feature","properties":{"NAME_1":"Andhra Pradesh"},"geometry":{"type":"MultiPolygon","coordinates":[[[[80.888357,15.846747],[80.984874,15.761786],[80.942638,15.741034],[80.8685,15.811957],[80.888357,15.846747]]],[[[80.277749,13.512516],[80.141856,13.728949],[80.13559,13.619086],[80.094005,13.69477],[80.056488,13.59516],[80.119395,13.500678],[80.259215,13.466],[80.102532,13.45936],[80.10863,13.512121],[80.034113,13.534135],[80.054163,13.483854],[79.969207,13.427139],[79.956701,13.365774],[79.75816,13.293297],[79.77604,13.220821],[79.696769,13.235807],[79.680129,13.289137],[79.582047,13.277898],[79.522206,13.336241],[79.449549,13.33115],[79.420197,13.219994],[79.31488,13.131989],[79.250801,13.147751],[79.161608,13.044915],[79.077582,13.035587],[78.961206,13.093232],[78.901365,13.037809],[78.85868,13.080468],[78.724942,13.057782],[78.64474,12.991998],[78.577664,12.770487],[78.500356,12.744804],[78.447439,12.643518],[78.378916,12.63388],[78.299128,12.675015],[78.229572,12.759893],[78.244041,12.853738],[78.326,12.860792],[78.359176,12.917248],[78.4678,12.867664],[78.411886,12.936704],[78.511518,13.077212],[78.568362,13.274823],[78.553583,13.301798],[78.516169,13.278854],[78.38088,13.322753],[78.350184,13.376109],[78.368374,13.591005],[78.231742,13.589558],[78.126735,13.658572],[78.067928,13.65927],[78.056145,13.692007],[78.105445,13.708569],[78.07971,13.856932],[78.032684,13.884734],[77.92065,13.830474],[77.937083,13.963257],[77.878792,13.916619],[77.791562,13.941682],[77.789185,13.870316],[77.669296,13.760943],[77.614002,13.779443],[77.591988,13.73942],[77.448741,13.699448],[77.389209,13.843238],[77.196663,13.891866],[77.156149,13.87458],[77.14354,13.910702],[77.099925,13.858663],[77.127727,13.767894],[77.041117,13.743993],[76.993781,13.779909],[76.962776,13.767196],[76.958125,13.833368],[77.010214,13.914061],[76.875442,14.162728],[76.91668,14.188411],[76.967426,14.171022],[76.995332,14.066377],[77.112327,14.005063],[77.289267,14.010747],[77.332365,13.908169],[77.386729,13.890367],[77.386109,13.969303],[77.327921,14.052166],[77.360994,14.1064],[77.327921,14.122652],[77.467758,14.192442],[77.46104,14.290136],[77.382388,14.33543],[77.357583,14.313158],[77.378977,14.238382],[77.256814,14.333957],[77.132894,14.344008],[77.072743,14.232594],[76.908205,14.257864],[76.921848,14.304709],[76.868104,14.338066],[76.858182,14.382559],[76.929599,14.466507],[76.825626,14.481261],[76.740567,14.612933],[76.822216,14.920976],[76.719483,14.985881],[76.764338,15.094118],[77.034192,15.005208],[77.130724,15.141634],[77.104886,15.308213],[77.025924,15.351492],[76.967426,15.506005],[77.008044,15.511844],[77.010525,15.644627],[77.084939,15.667287],[77.027681,15.760925],[77.034089,15.873734],[77.143746,15.960706],[77.226429,15.976389],[77.660574,15.895575],[77.8956,15.917996],[78.100352,15.829657],[78.235281,15.950466],[78.244395,16.03852],[78.299815,16.022813],[78.399994,16.083441],[78.499766,16.093777],[78.559662,16.056708],[78.6456,16.071601],[78.791108,16.034532],[78.839447,16.066718],[78.846934,16.150743],[78.897716,16.142768],[79.021658,16.247138],[79.210053,16.236599],[79.233409,16.330512],[79.213471,16.493232],[79.265636,16.569607],[79.417735,16.590196],[79.504324,16.641872],[79.550548,16.629706],[79.771658,16.727118],[79.826264,16.692084],[79.882335,16.703233],[79.909679,16.631293],[79.9581,16.630439],[80.073334,16.822862],[80.002428,16.871004],[80.012698,16.902147],[80.153134,17.023136],[80.254109,17.023596],[80.329119,16.889756],[80.393136,16.838522],[80.506146,16.792487],[80.59791,16.793278],[80.56563,16.861648],[80.586234,16.933936],[80.474283,16.936564],[80.38431,16.975982],[80.39736,17.079085],[80.467415,17.035749],[80.501756,17.10797],[80.590939,17.139791],[80.669698,17.079924],[80.855771,17.053066],[80.930786,17.19252],[81.144193,17.249538],[81.214333,17.323635],[81.408339,17.370643],[81.469526,17.420487],[81.573892,17.70453],[81.628586,17.763421],[81.775781,17.833207],[81.758969,17.908933],[82.042362,18.043266],[82.240076,17.992933],[82.276973,18.04045],[82.32989,18.044041],[82.330303,18.112021],[82.360276,18.13941],[82.311286,18.205504],[82.360792,18.291623],[82.369887,18.418979],[82.438204,18.519258],[82.502696,18.510628],[82.511274,18.422209],[82.597367,18.325213],[82.582381,18.251057],[82.642429,18.229482],[82.669714,18.289297],[82.77162,18.344436],[82.795391,18.429341],[82.878383,18.409083],[82.904118,18.35534],[83.0392,18.390351],[83.032999,18.461897],[83.083539,18.525329],[83.02163,18.587703],[83.028142,18.640852],[83.126534,18.758158],[83.201671,18.741621],[83.392047,18.85332],[83.299856,18.99158],[83.449615,18.968455],[83.464187,19.073461],[83.518344,19.010003],[83.612809,19.129789],[83.738073,18.929284],[83.749545,19.001114],[83.801841,18.999952],[83.897133,18.808361],[84.071386,18.81787],[84.162129,18.785314],[84.336072,18.8165],[84.467227,18.953624],[84.469707,19.030647],[84.669695,19.090153],[84.685508,19.157565],[84.763023,19.156376],[84.777761,19.116197],[84.73878,19.14765],[84.719981,19.10163],[84.740489,19.073676],[84.778331,19.09101],[84.679535,18.945705],[84.423676,18.636461],[84.332856,18.553697],[84.246918,18.52558],[84.271007,18.50019],[84.349946,18.552924],[84.143891,18.374823],[84.113129,18.298285],[83.775157,18.139594],[83.613943,18.045152],[83.472911,17.902493],[83.451915,17.922919],[83.452973,17.868476],[83.341319,17.717434],[83.298595,17.690131],[83.246918,17.716254],[83.299083,17.664293],[83.212901,17.634914],[83.238943,17.592963],[82.896821,17.409329],[82.718516,17.348619],[82.474864,17.205959],[82.370372,17.110093],[82.252696,16.929185],[82.267914,16.867499],[82.31422,16.846625],[82.362478,16.859076],[82.348888,16.956488],[82.366547,16.908637],[82.365571,16.811591],[82.338145,16.678412],[82.312836,16.60814],[82.280935,16.620836],[82.307384,16.579779],[82.068614,16.444281],[81.76295,16.322577],[81.584972,16.342108],[81.556977,16.373033],[81.416677,16.340155],[81.411388,16.382514],[81.259613,16.332709],[81.14975,15.969631],[80.998871,15.846747],[81.012543,15.777818],[80.910004,15.852688],[80.896495,16.031073],[80.875336,16.017401],[80.890147,15.89525],[80.80714,15.716376],[80.776134,15.884263],[80.670177,15.907701],[80.393321,15.797024],[80.279633,15.70067],[80.211192,15.496649],[80.090587,15.304877],[80.052989,15.092597],[80.108165,14.714342],[80.178477,14.60578],[80.141856,14.571234],[80.196951,14.565009],[80.174978,14.34455],[80.128184,14.256537],[80.046641,14.20661],[80.13559,14.229193],[80.149669,14.027737],[80.249278,13.800279],[80.220958,13.696967],[80.277749,13.512516]],[[82.230361,16.719316],[82.221783,16.750296],[82.177651,16.718592],[82.260643,16.690325],[82.301054,16.733294],[82.230361,16.719316]]]]}},{"type":"Feature","properties":{"NAME_1":"Odisha"},"geometry":{"type":"Polygon","coordinates":[[[87.477387,21.613593],[87.113048,21.507961],[86.866954,21.256049],[86.844005,21.082221],[86.965668,20.805976],[86.953868,20.780585],[86.878754,20.780585],[86.986583,20.751858],[86.998709,20.711127],[86.940196,20.697984],[86.994884,20.670722],[87.043224,20.697984],[86.751475,20.489163],[86.72047,20.368476],[86.788748,20.390123],[86.796153,20.437323],[86.809825,20.415107],[86.768321,20.343451],[86.693696,20.293931],[86.754649,20.314439],[86.495128,20.184068],[86.467133,20.094672],[86.391449,20.020209],[86.42628,19.999172],[86.397227,19.982856],[86.275401,20.067369],[86.209158,20.066636],[86.152517,20.143134],[86.167735,20.072943],[86.372406,19.964993],[86.089041,19.844224],[86.056651,19.856879],[85.456798,19.663316],[85.427013,19.704088],[85.576508,19.745836],[85.570323,19.875637],[85.440115,19.896226],[85.220958,19.736029],[85.140147,19.596584],[85.151378,19.560289],[85.102875,19.529608],[85.124034,19.478339],[85.233246,19.554104],[85.193044,19.580797],[85.247569,19.60871],[85.247569,19.65648],[85.309093,19.642239],[85.391449,19.690619],[85.405284,19.645941],[85.37794,19.614936],[85.288422,19.601264],[85.330577,19.576402],[85.576508,19.690619],[85.180431,19.475002],[84.791026,19.120592],[84.763023,19.156376],[84.6945,19.160588],[84.669695,19.090153],[84.469707,19.030647],[84.462576,18.946312],[84.317779,18.80924],[84.162129,18.785314],[84.071386,18.81787],[83.902404,18.805648],[83.801841,18.999952],[83.749545,19.001114],[83.738073,18.929284],[83.612809,19.129789],[83.518344,19.010003],[83.464187,19.073461],[83.449615,18.968455],[83.299856,18.99158],[83.392047,18.85332],[83.201671,18.741621],[83.126534,18.758158],[83.028142,18.640852],[83.02163,18.587703],[83.083539,18.525329],[83.032999,18.461897],[83.030002,18.381953],[82.904118,18.35534],[82.878383,18.409083],[82.795391,18.429341],[82.77162,18.344436],[82.669714,18.289297],[82.635711,18.228862],[82.582381,18.251057],[82.597367,18.325213],[82.511274,18.422209],[82.502696,18.510628],[82.438204,18.519258],[82.369887,18.418979],[82.360792,18.291623],[82.311286,18.205504],[82.360276,18.13941],[82.330303,18.112021],[82.32989,18.044041],[82.276973,18.04045],[82.240076,17.992933],[82.042362,18.043266],[81.578411,17.79695],[81.511232,17.826277],[81.479812,17.787519],[81.39403,17.806691],[81.397337,17.883146],[81.444156,17.879736],[81.474438,17.960015],[81.542548,18.262451],[81.73313,18.349578],[81.947071,18.567601],[81.903352,18.634083],[82.069854,18.719762],[82.098689,18.770612],[82.138894,18.747254],[82.166179,18.873835],[82.22788,18.933961],[82.145715,19.225313],[82.17176,19.316857],[82.135276,19.35577],[82.167522,19.405224],[82.02903,19.517853],[82.036161,19.767088],[81.833176,19.903798],[81.819327,19.965707],[81.9449,20.105569],[82.021898,20.011673],[82.081326,20.057872],[82.164732,19.979427],[82.217855,19.972993],[82.304878,19.823312],[82.361102,19.883903],[82.475927,19.872379],[82.579074,19.843156],[82.575249,19.76807],[82.707851,19.843208],[82.695035,20.000537],[82.611216,19.988134],[82.415569,20.066967],[82.420324,20.45162],[82.340122,20.542493],[82.367614,20.669255],[82.343222,20.86684],[82.394899,20.875212],[82.415879,20.833819],[82.463008,20.855394],[82.562124,20.954458],[82.656692,21.152611],[82.96458,21.178527],[83.06938,21.116773],[83.143587,21.120623],[83.198261,21.172558],[83.279393,21.3588],[83.379748,21.339189],[83.384916,21.389444],[83.327658,21.499153],[83.466875,21.799987],[83.511213,21.796241],[83.564853,21.853576],[83.570641,21.923055],[83.512867,21.973052],[83.522168,22.028371],[83.571054,22.05837],[83.54873,22.11294],[83.623661,22.21327],[83.841425,22.348584],[83.955734,22.378712],[83.996455,22.440543],[83.970203,22.539348],[84.067045,22.499583],[84.178562,22.364372],[84.310957,22.324012],[84.420822,22.330989],[84.497303,22.372201],[84.516733,22.421422],[84.80085,22.45018],[84.908337,22.421965],[85.065537,22.5032],[85.104707,22.330834],[84.986265,22.106661],[85.097886,22.113457],[85.220153,22.029147],[85.324126,22.126686],[85.410012,22.162007],[85.679143,22.075862],[85.792211,22.129089],[85.780635,22.022196],[85.834275,21.986126],[85.916234,22.022119],[85.974112,22.104594],[85.965223,22.263189],[85.993232,22.3352],[85.937835,22.49917],[86.049973,22.555807],[86.366026,22.330058],[86.497181,22.334684],[86.70461,22.188698],[86.97126,22.079531],[87.031412,21.907991],[87.120812,21.976928],[87.190678,21.956205],[87.251967,21.822105],[87.424463,21.774744],[87.43087,21.689322],[87.477387,21.613593]]]}},{"type":"Feature","properties":{"NAME_1":"Dadra and Nagar Haveli and Daman and Diu"},"geometry":{"type":"MultiPolygon","coordinates":[[[[70.982002,20.73808],[71.000824,20.722154],[70.972992,20.709621],[70.982002,20.73808]]],[[[72.818112,20.37877],[72.840017,20.458726],[72.863783,20.462021],[72.881826,20.392104],[72.818112,20.37877]]],[[[73.065132,20.337338],[73.074124,20.291733],[73.123217,20.278142],[73.037434,20.212048],[73.041775,20.157736],[73.086113,20.139236],[73.114018,20.181663],[73.170035,20.164532],[73.142854,20.026607],[73.103063,20.056244],[72.997229,20.039811],[72.935424,20.191869],[72.888709,20.233055],[73.065132,20.337338]]]]}},{"type":"Feature","properties":{"NAME_1":"Maharashtra"},"geometry":{"type":"Polygon","coordinates":[[[73.792736,15.741598],[73.646251,15.736884],[73.604666,15.880845],[73.490977,15.993476],[73.515961,16.024848],[73.450369,16.058905],[73.487966,16.189358],[73.45281,16.166571],[73.447032,16.113593],[73.435232,16.217841],[73.358246,16.367499],[73.384939,16.401597],[73.305837,16.52265],[73.307302,16.563178],[73.344005,16.523586],[73.378673,16.518297],[73.314626,16.599433],[73.371267,16.610175],[73.312185,16.644721],[73.303722,16.813137],[73.269379,16.875637],[73.289399,16.983832],[73.251231,17.032172],[73.275727,17.078599],[73.187022,17.305976],[73.249034,17.284857],[73.170584,17.389716],[73.180675,17.477688],[73.125987,17.556545],[73.200694,17.586493],[73.121349,17.62641],[73.123302,17.735785],[73.005219,18.012356],[73.043468,18.066962],[73.0088,18.039008],[72.987315,18.066555],[72.967296,18.19599],[72.926931,18.223944],[72.939952,18.286038],[72.972667,18.244696],[73.050955,18.227484],[73.047618,18.188788],[73.073985,18.224189],[73.071544,18.273017],[72.994884,18.283596],[72.912608,18.361151],[72.889659,18.441311],[72.907237,18.523586],[72.946788,18.532416],[73.0088,18.450507],[73.014985,18.469957],[72.960297,18.554674],[72.910167,18.558987],[72.855317,18.681138],[72.865571,18.799384],[72.926931,18.826646],[72.995128,18.731024],[73.016287,18.813625],[72.977794,18.874986],[72.946137,18.858303],[72.896821,18.894477],[72.988292,18.964423],[72.953624,18.971259],[73.056814,19.015326],[72.988292,18.998603],[72.974783,19.163072],[72.935557,19.115058],[72.934255,19.034084],[72.891449,18.991767],[72.885265,19.025865],[72.869314,19.01142],[72.8213,18.903306],[72.802745,18.957587],[72.770356,18.948188],[72.824229,19.053534],[72.82309,19.169257],[72.781586,19.159654],[72.830089,19.252427],[72.775401,19.204657],[72.785411,19.31391],[72.972667,19.293687],[73.026622,19.205512],[73.049653,19.217719],[72.987804,19.300686],[72.898936,19.307034],[72.836925,19.348049],[72.802094,19.331936],[72.763438,19.380194],[72.754405,19.481757],[72.879161,19.532375],[72.795909,19.526801],[72.741954,19.580797],[72.755626,19.519355],[72.722504,19.536282],[72.686697,19.724799],[72.72641,19.705797],[72.732758,19.779731],[72.677908,19.746568],[72.649181,19.851996],[72.708102,20.072644],[72.947207,20.127402],[72.997229,20.039811],[73.103063,20.056244],[73.142854,20.026607],[73.166315,20.114871],[73.231014,20.125723],[73.255405,20.186365],[73.377878,20.180319],[73.394104,20.270391],[73.360721,20.369377],[73.4587,20.538023],[73.406817,20.630317],[73.364132,20.648456],[73.433999,20.716281],[73.629956,20.563861],[73.699822,20.562414],[73.792323,20.606184],[73.81103,20.676904],[73.89888,20.750956],[73.902911,20.883868],[73.868287,20.974767],[73.705093,21.118711],[73.633986,21.119383],[73.553475,21.195477],[73.696102,21.164677],[73.766898,21.203796],[73.808446,21.285885],[73.841312,21.265808],[73.91862,21.291569],[73.960168,21.394379],[74.04223,21.461791],[74.240564,21.486131],[74.300819,21.53698],[74.28542,21.573102],[74.191575,21.545507],[74.146513,21.570699],[73.815577,21.51153],[73.751602,21.611033],[73.839142,21.682191],[73.803485,21.739784],[73.809376,21.836471],[74.06104,21.940315],[74.249039,21.929773],[74.407686,22.023049],[74.485614,21.945973],[74.512486,21.726917],[74.608191,21.658911],[74.708133,21.611162],[74.864712,21.616123],[75.011473,21.57349],[75.140458,21.429132],[75.31192,21.38146],[75.877777,21.399779],[76.082933,21.368076],[76.142877,21.193125],[76.108564,21.153128],[76.166855,21.09432],[76.286641,21.074812],[76.410354,21.096723],[76.498308,21.180361],[76.625949,21.208835],[76.653957,21.251313],[76.637111,21.349214],[76.77705,21.48011],[76.814051,21.600129],[76.917404,21.618086],[77.115531,21.724049],[77.218987,21.700846],[77.332985,21.774459],[77.474062,21.767302],[77.548373,21.707435],[77.574935,21.548323],[77.431998,21.534216],[77.493803,21.391201],[77.519537,21.417659],[77.568423,21.386421],[77.702989,21.37792],[77.794456,21.424558],[77.910211,21.40058],[78.085601,21.462411],[78.192675,21.551114],[78.365997,21.625425],[78.413333,21.606304],[78.427906,21.508481],[78.497152,21.528531],[78.626653,21.479413],[78.799563,21.489309],[78.917592,21.513907],[78.950354,21.590362],[79.215765,21.65457],[79.258656,21.714256],[79.486342,21.663484],[79.565201,21.538815],[79.758781,21.594083],[79.849731,21.52941],[80.005277,21.548323],[80.186661,21.63948],[80.310168,21.580233],[80.402669,21.480214],[80.402669,21.394328],[80.484421,21.401821],[80.625601,21.326476],[80.679034,21.351152],[80.637383,21.251701],[80.465197,21.14796],[80.436259,21.024686],[80.463337,20.94221],[80.533927,20.937508],[80.554701,20.907846],[80.571031,20.682381],[80.49486,20.601172],[80.614646,20.606184],[80.634903,20.51234],[80.622397,20.325891],[80.424373,20.234088],[80.418172,20.148874],[80.53062,20.134869],[80.557181,20.048337],[80.531137,19.920697],[80.444837,19.931213],[80.427474,19.888244],[80.486075,19.85499],[80.408973,19.791996],[80.47884,19.766468],[80.500751,19.81091],[80.537751,19.81091],[80.574545,19.72877],[80.667666,19.689005],[80.701359,19.597512],[80.838095,19.543123],[80.895352,19.452198],[80.805745,19.403338],[80.830963,19.334247],[80.720479,19.261564],[80.679965,19.321534],[80.617436,19.318563],[80.575992,19.391969],[80.405356,19.250402],[80.366599,19.117386],[80.271824,18.979436],[80.349235,18.830918],[80.266036,18.768209],[80.270377,18.71369],[80.090543,18.69749],[79.91691,18.826577],[79.960319,18.867117],[79.964866,18.935356],[79.93355,19.053127],[79.864717,19.048398],[79.861823,19.081084],[79.943782,19.169218],[79.928486,19.26053],[79.963833,19.426024],[79.795781,19.594101],[79.636101,19.569814],[79.576363,19.508112],[79.266002,19.589555],[79.197731,19.461883],[78.934852,19.598184],[78.780029,19.776674],[78.533739,19.824656],[78.477722,19.799128],[78.329204,19.891293],[78.329514,19.838557],[78.403411,19.719262],[78.333441,19.643272],[78.302642,19.482765],[78.211898,19.440132],[78.174381,19.374657],[78.16787,19.264096],[78.050978,19.265414],[77.989069,19.324996],[77.911451,19.330267],[77.865459,19.29735],[77.889954,19.271356],[77.836727,19.126688],[77.751978,19.045892],[77.766551,18.989358],[77.839001,18.947009],[77.912072,18.835362],[77.839311,18.80955],[77.781123,18.703768],[77.712394,18.689454],[77.688519,18.574732],[77.60222,18.55662],[77.559225,18.50763],[77.502588,18.381591],[77.552714,18.345831],[77.551163,18.307875],[77.437579,18.281908],[77.427347,18.316143],[77.346628,18.351516],[77.324304,18.449133],[77.264773,18.45306],[77.227359,18.322086],[77.117908,18.253847],[77.087729,18.197055],[76.900247,18.157006],[76.863143,17.90374],[76.740877,17.898417],[76.755656,17.825837],[76.70553,17.792118],[76.675971,17.706852],[76.592669,17.770595],[76.522699,17.777029],[76.390614,17.636779],[76.313099,17.609752],[76.340074,17.515546],[76.316303,17.473869],[76.380382,17.378759],[76.343795,17.351861],[76.210367,17.388913],[75.936482,17.325868],[75.870026,17.416147],[75.769877,17.377208],[75.740628,17.415681],[75.677996,17.425267],[75.659599,17.467074],[75.61309,17.471595],[75.551492,17.389301],[75.621049,17.242436],[75.605132,17.158126],[75.646783,17.091412],[75.627353,16.976974],[75.548702,17.015267],[75.471704,16.963048],[75.370831,16.984467],[75.256006,16.959172],[75.24257,16.902095],[75.166503,16.867937],[75.048887,16.953203],[74.963828,16.954211],[74.92228,16.889331],[74.845799,16.861245],[74.857581,16.757918],[74.796086,16.766315],[74.688289,16.712675],[74.644467,16.65193],[74.665758,16.606222],[74.55238,16.551832],[74.524578,16.623843],[74.434868,16.646762],[74.353219,16.543512],[74.314772,16.564571],[74.292448,16.528371],[74.243562,16.539585],[74.225992,16.486152],[74.266919,16.496048],[74.35787,16.40073],[74.306193,16.377114],[74.323763,16.282934],[74.366241,16.292882],[74.476002,16.217331],[74.469594,16.109792],[74.383501,16.069485],[74.43125,16.040752],[74.42877,15.993753],[74.321593,15.752734],[74.223511,15.726095],[74.194469,15.76958],[74.094837,15.672816],[74.100625,15.640286],[73.990347,15.613543],[73.942805,15.632457],[73.908388,15.721237],[73.832321,15.781492],[73.792736,15.741598]]]}},{"type":"Feature","properties":{"NAME_1":"Goa"},"geometry":{"type":"Polygon","coordinates":[[[74.091156,14.8876],[74.035981,14.921291],[74.031261,14.995307],[73.913097,15.078925],[73.962169,15.152045],[73.891287,15.343207],[73.782888,15.407904],[73.899587,15.407904],[73.967784,15.373765],[73.927582,15.417385],[73.796397,15.448879],[73.817556,15.496649],[73.872244,15.510932],[73.865977,15.537584],[73.786388,15.492174],[73.751231,15.513129],[73.737071,15.598538],[73.838145,15.661119],[73.728282,15.619574],[73.697927,15.662828],[73.686778,15.713121],[73.792736,15.741598],[73.826429,15.783042],[73.908388,15.721237],[73.964406,15.618814],[74.172352,15.653386],[74.237981,15.616024],[74.239221,15.454225],[74.30423,15.28917],[74.240874,15.247313],[74.292758,15.188272],[74.266609,15.032313],[74.226612,14.943248],[74.091156,14.8876]]]}},{"type":"Feature","properties":{"NAME_1":"Karnataka"},"geometry":{"type":"Polygon","coordinates":[[[74.854259,12.765286],[74.824962,12.838202],[74.859141,12.824612],[74.940929,12.878607],[74.817556,12.861762],[74.783376,13.084662],[74.689464,13.381578],[74.680919,13.468248],[74.693696,13.415269],[74.708263,13.413031],[74.666677,13.632758],[74.735606,13.653795],[74.687755,13.711819],[74.660492,13.660061],[74.614594,13.835517],[74.495372,14.030585],[74.429047,14.240424],[74.43336,14.263373],[74.508962,14.250312],[74.415375,14.301093],[74.351899,14.530219],[74.388845,14.462714],[74.427745,14.476264],[74.358735,14.571234],[74.339041,14.523993],[74.300548,14.527411],[74.295177,14.587307],[74.339041,14.612779],[74.27589,14.610175],[74.25294,14.71894],[74.22047,14.738105],[74.194347,14.715806],[74.091319,14.811428],[74.233084,14.864569],[74.208018,14.900824],[74.111827,14.846177],[74.091156,14.8876],[74.241185,14.956038],[74.292758,15.188272],[74.240874,15.247313],[74.30423,15.28917],[74.239221,15.454225],[74.237981,15.616024],[74.172352,15.653386],[74.100625,15.640286],[74.092873,15.669302],[74.194469,15.76958],[74.223511,15.726095],[74.331102,15.761932],[74.433007,16.018583],[74.383501,16.069485],[74.471971,16.127879],[74.466184,16.242394],[74.366241,16.292882],[74.323763,16.282934],[74.306193,16.377114],[74.35787,16.40073],[74.266919,16.496048],[74.225992,16.486152],[74.243562,16.539585],[74.292448,16.528371],[74.314772,16.564571],[74.353219,16.543512],[74.434868,16.646762],[74.524578,16.623843],[74.55238,16.551832],[74.665758,16.606222],[74.644467,16.65193],[74.688289,16.712675],[74.796086,16.766315],[74.857581,16.757918],[74.845799,16.861245],[74.92228,16.889331],[74.963828,16.954211],[75.048887,16.953203],[75.166503,16.867937],[75.24257,16.902095],[75.256006,16.959172],[75.370831,16.984467],[75.471704,16.963048],[75.548702,17.015267],[75.627353,16.976974],[75.646783,17.091412],[75.605132,17.158126],[75.621049,17.242436],[75.551492,17.389301],[75.621772,17.47635],[75.769877,17.377208],[75.870026,17.416147],[75.936482,17.325868],[76.112698,17.381963],[76.353614,17.357029],[76.380382,17.378759],[76.316303,17.473869],[76.340074,17.515546],[76.313099,17.609752],[76.390614,17.636779],[76.522699,17.777029],[76.592669,17.770595],[76.675971,17.706852],[76.70553,17.792118],[76.755656,17.825837],[76.740877,17.898417],[76.863143,17.90374],[76.900247,18.157006],[77.080288,18.191345],[77.117908,18.253847],[77.227359,18.322086],[77.264773,18.45306],[77.313348,18.456238],[77.346628,18.351516],[77.427347,18.316143],[77.437579,18.281908],[77.509099,18.314567],[77.583306,18.291545],[77.568527,18.233745],[77.599946,18.114838],[77.557675,18.086157],[77.625784,17.957457],[77.501864,17.821858],[77.53132,17.754007],[77.463623,17.713415],[77.411534,17.630785],[77.492872,17.57761],[77.582583,17.578772],[77.599119,17.54681],[77.685832,17.567171],[77.653173,17.500069],[77.525635,17.430435],[77.37443,17.222567],[77.370399,17.169159],[77.425176,17.142339],[77.467758,17.025809],[77.40957,16.737842],[77.445537,16.69017],[77.41112,16.647821],[77.44626,16.640768],[77.370916,16.524289],[77.257435,16.449358],[77.293711,16.406518],[77.53318,16.361043],[77.551783,16.317686],[77.490805,16.261592],[77.483674,16.002073],[77.446467,15.95298],[77.163073,15.967114],[77.034089,15.873734],[77.027681,15.760925],[77.084939,15.667287],[77.010525,15.644627],[77.008044,15.511844],[76.967426,15.506005],[77.025924,15.351492],[77.104886,15.308213],[77.130724,15.141634],[77.034192,15.005208],[76.764338,15.094118],[76.719483,14.985881],[76.822216,14.920976],[76.740567,14.612933],[76.825626,14.481261],[76.929599,14.466507],[76.858182,14.382559],[76.868104,14.338066],[76.921848,14.304709],[76.908205,14.257864],[77.072743,14.232594],[77.132894,14.344008],[77.256814,14.333957],[77.367299,14.238253],[77.37443,14.334474],[77.463934,14.284994],[77.465484,14.18624],[77.37536,14.167585],[77.327921,14.122652],[77.360994,14.1064],[77.327921,14.052166],[77.386109,13.969303],[77.386729,13.890367],[77.332365,13.908169],[77.289267,14.010747],[77.112327,14.005063],[76.995332,14.066377],[76.967426,14.171022],[76.91668,14.188411],[76.875442,14.162728],[77.010214,13.914061],[76.954507,13.820345],[76.969183,13.753709],[76.993781,13.779909],[77.041117,13.743993],[77.127727,13.767894],[77.099925,13.858663],[77.14354,13.910702],[77.156149,13.87458],[77.196663,13.891866],[77.384042,13.846726],[77.44254,13.701955],[77.494216,13.702368],[77.591988,13.73942],[77.604597,13.776317],[77.669296,13.760943],[77.789185,13.870316],[77.78257,13.936591],[77.878792,13.916619],[77.937083,13.963257],[77.92065,13.830474],[78.032684,13.884734],[78.091389,13.830112],[78.104721,13.701128],[78.061416,13.698053],[78.067928,13.65927],[78.126735,13.658572],[78.231742,13.589558],[78.373025,13.586225],[78.350184,13.376109],[78.38088,13.322753],[78.516169,13.278854],[78.562471,13.293452],[78.563815,13.21183],[78.511518,13.077212],[78.411886,12.936704],[78.4678,12.867664],[78.346154,12.913295],[78.326,12.860792],[78.244041,12.853738],[78.229572,12.759893],[78.040643,12.850327],[77.987416,12.804361],[77.904837,12.871463],[77.801277,12.856554],[77.765311,12.718733],[77.609351,12.672793],[77.568733,12.55957],[77.576795,12.495026],[77.61979,12.48066],[77.604597,12.405781],[77.46476,12.261526],[77.483364,12.20755],[77.667849,12.203881],[77.736785,12.174089],[77.765827,12.100683],[77.670846,11.971311],[77.489772,11.92612],[77.408123,11.791606],[77.259192,11.816902],[77.130827,11.79667],[77.096204,11.75042],[77.012695,11.821966],[76.91823,11.807342],[76.820769,11.625596],[76.566934,11.63376],[76.503579,11.719156],[76.415936,11.666833],[76.382139,11.74918],[76.309172,11.749722],[76.167062,11.86261],[76.086343,11.871136],[76.072391,11.963249],[75.960563,11.928626],[75.830648,11.957746],[75.761092,12.068747],[75.629213,12.102052],[75.426228,12.291782],[75.389331,12.294728],[75.339722,12.404618],[75.368248,12.47035],[75.309543,12.470893],[75.251355,12.536909],[75.270889,12.60073],[75.110485,12.630005],[75.100254,12.68212],[75.007959,12.690724],[74.940677,12.77612],[74.854259,12.765286]]]}},{"type":"Feature","properties":{"NAME_1":"Kerala"},"geometry":{"type":"Polygon","coordinates":[[[75.222179,12.02204],[75.18629,12.041571],[75.139659,12.248603],[75.105479,12.221259],[74.854259,12.765286],[74.940677,12.77612],[75.007959,12.690724],[75.100254,12.68212],[75.110485,12.630005],[75.270889,12.60073],[75.251355,12.536909],[75.309543,12.470893],[75.368248,12.47035],[75.339722,12.404618],[75.389331,12.294728],[75.426228,12.291782],[75.629213,12.102052],[75.761092,12.068747],[75.815249,11.967203],[75.960563,11.928626],[76.072391,11.963249],[76.098746,11.860439],[76.167062,11.86261],[76.309172,11.749722],[76.38927,11.744012],[76.415315,11.648747],[76.339248,11.591489],[76.240752,11.603969],[76.23052,11.529142],[76.256255,11.478447],[76.409114,11.436822],[76.542749,11.337965],[76.448388,11.206861],[76.641245,11.208644],[76.70274,11.238048],[76.68858,11.173814],[76.767542,11.046096],[76.68765,11.033461],[76.677522,10.956257],[76.828727,10.869595],[76.889705,10.78004],[76.875546,10.678496],[76.821079,10.633176],[76.808573,10.437115],[76.841543,10.310663],[76.956988,10.223459],[77.191495,10.351306],[77.241622,10.284437],[77.279139,10.202892],[77.224362,10.065562],[77.260225,9.952364],[77.186845,9.596779],[77.243999,9.558306],[77.340634,9.579958],[77.403782,9.461077],[77.229943,9.06415],[77.164934,9.001001],[77.202554,8.89416],[77.253404,8.850726],[77.180747,8.703681],[77.187671,8.63937],[77.278829,8.526405],[77.244102,8.476511],[77.206068,8.478914],[77.215887,8.418789],[77.154702,8.295902],[77.110331,8.285174],[76.99586,8.368109],[76.543956,8.912502],[76.620616,8.925442],[76.573985,8.942572],[76.603282,8.973212],[76.657563,8.966376],[76.634288,8.986884],[76.668468,9.007392],[76.582774,9.000556],[76.558604,8.952094],[76.56544,8.99433],[76.528087,8.946967],[76.46046,9.114936],[76.482758,9.17182],[76.462413,9.151353],[76.414561,9.246975],[76.442556,9.145168],[76.362966,9.325181],[76.311778,9.492987],[76.236339,9.952704],[76.251475,9.963121],[76.291026,9.908596],[76.256847,9.908596],[76.280772,9.842841],[76.308604,9.879625],[76.338878,9.699408],[76.332693,9.870754],[76.394054,9.678941],[76.357432,9.520697],[76.458995,9.497301],[76.503266,9.53498],[76.406993,9.569078],[76.394054,9.842841],[76.359223,9.915432],[76.278168,9.977932],[76.245128,10.1022],[76.215343,10.138251],[76.242686,9.987454],[76.182384,10.105658],[76.177501,10.17064],[76.240245,10.238959],[76.194835,10.268622],[76.201671,10.199693],[76.153168,10.22016],[76.052419,10.513983],[75.922048,10.76557],[75.94158,10.79621],[75.894542,10.849758],[75.735525,11.371527],[75.664806,11.462633],[75.608897,11.484931],[75.506114,11.72724],[75.307628,11.932196],[75.400238,11.920233],[75.393403,11.97484],[75.331716,11.94953],[75.278819,12.003241],[75.329763,12.012641],[75.309543,12.093707],[75.396876,12.142928],[75.222933,12.100166],[75.222179,12.02204]]]}},{"type":"Feature","properties":{"NAME_1":"Puducherry"},"geometry":{"type":"MultiPolygon","coordinates":[[[[75.30421,12.043158],[75.264334,12.013332],[75.276703,11.967434],[75.222179,12.02204],[75.222933,12.100166],[75.396876,12.142928],[75.309543,12.093707],[75.30421,12.043158]]],[[[79.846688,10.979834],[79.847341,10.809638],[79.840223,10.809108],[79.797538,10.835876],[79.802706,10.87081],[79.70545,10.910445],[79.704314,10.943622],[79.742968,10.943828],[79.73749,10.986229],[79.846688,10.979834]]],[[[79.849561,11.955176],[79.810869,11.832977],[79.777177,11.832353],[79.699869,11.862403],[79.709171,11.914131],[79.670724,11.975858],[79.692531,12.001981],[79.768599,11.977486],[79.753096,11.938031],[79.777797,11.914157],[79.849561,11.955176]]],[[[82.221783,16.750296],[82.217442,16.722959],[82.291236,16.742079],[82.301364,16.717662],[82.260643,16.690325],[82.177651,16.718592],[82.221783,16.750296]]]]}},{"type":"Feature","properties":{"NAME_1":"Tamil Nadu"},"geometry":{"type":"MultiPolygon","coordinates":[[[[79.847341,10.809638],[79.851329,10.282213],[79.795095,10.269232],[79.757091,10.309068],[79.633149,10.328599],[79.614106,10.309556],[79.772472,10.261705],[79.556651,10.298651],[79.604015,10.329088],[79.586925,10.343695],[79.459727,10.308295],[79.398123,10.324652],[79.304942,10.268134],[79.236339,10.166571],[79.279063,10.035834],[79.141856,9.891181],[78.931488,9.561672],[78.915294,9.45303],[79.039887,9.314683],[79.25172,9.28852],[79.341075,9.315863],[79.353526,9.240912],[79.453624,9.159003],[79.292735,9.250312],[78.988943,9.278266],[78.67628,9.184149],[78.634776,9.144599],[78.41212,9.09984],[78.239757,8.965562],[78.182791,8.877102],[78.162364,8.753485],[78.210216,8.788275],[78.21518,8.765448],[78.1692,8.733629],[78.142589,8.657904],[78.114594,8.657904],[78.142345,8.593085],[78.128266,8.488023],[78.055919,8.363715],[77.768321,8.181545],[77.595225,8.138983],[77.565278,8.082506],[77.315603,8.127753],[77.110331,8.285174],[77.16235,8.301716],[77.215887,8.418789],[77.206068,8.478914],[77.244102,8.476511],[77.278829,8.526405],[77.187671,8.63937],[77.180747,8.703681],[77.253404,8.850726],[77.202554,8.89416],[77.164934,9.001001],[77.229943,9.06415],[77.403782,9.461077],[77.340634,9.579958],[77.243999,9.558306],[77.186845,9.596779],[77.260225,9.952364],[77.224362,10.065562],[77.279139,10.202892],[77.191495,10.351306],[76.969804,10.224699],[76.841543,10.310663],[76.808573,10.437115],[76.821079,10.633176],[76.875546,10.678496],[76.889705,10.78004],[76.828727,10.869595],[76.677522,10.956257],[76.68765,11.033461],[76.767542,11.046096],[76.68858,11.173814],[76.70274,11.238048],[76.641245,11.208644],[76.448388,11.206861],[76.542749,11.337965],[76.409114,11.436822],[76.256255,11.478447],[76.240752,11.603969],[76.339248,11.591489],[76.483735,11.719543],[76.544093,11.697116],[76.566934,11.63376],[76.820769,11.625596],[76.91823,11.807342],[77.012695,11.821966],[77.096204,11.75042],[77.130827,11.79667],[77.259192,11.816902],[77.408123,11.791606],[77.489772,11.92612],[77.670846,11.971311],[77.765827,12.100683],[77.736785,12.174089],[77.667849,12.203881],[77.483364,12.20755],[77.46476,12.261526],[77.604597,12.405781],[77.61979,12.48066],[77.576795,12.495026],[77.568733,12.55957],[77.609351,12.672793],[77.765311,12.718733],[77.801277,12.856554],[77.904837,12.871463],[77.987416,12.804361],[78.056249,12.845935],[78.229572,12.759893],[78.352768,12.641503],[78.425735,12.633829],[78.490641,12.688347],[78.500356,12.744804],[78.577664,12.770487],[78.64474,12.991998],[78.724942,13.057782],[78.85868,13.080468],[78.901365,13.037809],[78.961206,13.093232],[79.077582,13.035587],[79.161608,13.044915],[79.250801,13.147751],[79.31488,13.131989],[79.420197,13.219994],[79.466912,13.337248],[79.533368,13.33115],[79.582047,13.277898],[79.680129,13.289137],[79.696769,13.235807],[79.77604,13.220821],[79.75816,13.293297],[79.956701,13.365774],[79.969207,13.427139],[80.054163,13.483854],[80.028325,13.52411],[80.047962,13.534446],[80.10863,13.512121],[80.102532,13.45936],[80.26588,13.468248],[80.306895,13.413031],[80.326996,13.430365],[80.34783,13.349066],[80.25172,12.762519],[80.156016,12.474514],[80.025727,12.276516],[79.943858,12.217841],[80.005138,12.241767],[79.870128,12.037421],[79.849561,11.955176],[79.777797,11.914157],[79.753096,11.938031],[79.768599,11.977486],[79.692531,12.001981],[79.670724,11.975858],[79.709171,11.914131],[79.703073,11.858114],[79.810869,11.832977],[79.751964,11.576972],[79.785981,11.426174],[79.809337,11.451361],[79.821951,11.391059],[79.749848,11.373684],[79.67628,11.296454],[79.759288,11.358344],[79.829926,11.346096],[79.855317,11.159857],[79.846688,10.979834],[79.730875,10.983206],[79.744311,10.946645],[79.705037,10.951554],[79.70545,10.910445],[79.802706,10.87081],[79.797538,10.835876],[79.847341,10.809638]]],[[[80.277749,13.512516],[80.309581,13.479315],[80.313731,13.440904],[80.277749,13.512516]]]]}},{"type":"Feature","properties":{"NAME_1":"Lakshadweep"},"geometry":{"type":"MultiPolygon","coordinates":[[[[73.643891,10.09455],[73.640961,10.069322],[73.632579,10.057278],[73.643891,10.09455]]],[[[73.65561,10.144761],[73.657888,10.139065],[73.654633,10.141506],[73.65561,10.144761]]],[[[72.648611,10.573961],[72.63852,10.559394],[72.627452,10.554755],[72.648611,10.573961]]],[[[72.540863,10.776516],[72.548757,10.779324],[72.541189,10.772895],[72.540863,10.776516]]],[[[73.672862,10.824693],[73.681244,10.82807],[73.684418,10.827541],[73.672862,10.824693]]],[[[72.739513,11.113959],[72.744965,11.109524],[72.739513,11.108832],[72.739513,11.113959]]],[[[73.004405,11.496487],[73.010916,11.490139],[73.005626,11.479641],[73.004405,11.496487]]],[[[72.705089,11.692328],[72.705251,11.687323],[72.700938,11.686428],[72.705089,11.692328]]],[[[73.024099,8.255439],[73.083995,8.308498],[73.066091,8.270453],[73.024099,8.255439]]],[[[72.172699,10.809231],[72.179047,10.8487],[72.200043,10.878079],[72.200043,10.864447],[72.172699,10.809231]]],[[[72.770356,11.203681],[72.795584,11.257229],[72.775401,11.186591],[72.770356,11.203681]]]]}},{"type":"Feature","properties":{"NAME_1":"Andaman and Nicobar"},"geometry":{"type":"MultiPolygon","coordinates":[[[[93.860606,12.281195],[93.85377,12.260565],[93.851899,12.271552],[93.860606,12.281195]]],[[[94.261892,13.429267],[94.290782,13.422919],[94.274913,13.420315],[94.261892,13.429267]]],[[[93.920258,7.024319],[93.903087,6.808295],[93.859386,6.804267],[93.834239,6.745551],[93.76531,6.924302],[93.703624,7.006293],[93.649181,7.013088],[93.676443,7.181871],[93.830821,7.235907],[93.920258,7.024319]]],[[[93.696951,7.445054],[93.728526,7.337104],[93.617931,7.259955],[93.594005,7.314765],[93.696951,7.445054]]],[[[93.429454,7.955268],[93.454438,7.869289],[93.354259,7.883287],[93.305024,7.949937],[93.322602,8.002102],[93.370291,8.01732],[93.429454,7.955268]]],[[[93.54835,8.020087],[93.574229,7.968817],[93.573985,7.924872],[93.510753,7.98017],[93.54835,8.020087]]],[[[93.531912,8.034735],[93.484386,7.991889],[93.480805,8.040513],[93.516938,8.0633],[93.466319,8.074408],[93.446625,8.154364],[93.504649,8.226996],[93.531668,8.213202],[93.505219,8.14704],[93.531912,8.034735]]],[[[93.134532,8.24018],[93.17628,8.212877],[93.10255,8.221503],[93.065766,8.268134],[93.083751,8.355902],[93.134532,8.24018]]],[[[93.607677,8.569159],[93.628184,8.486558],[93.60141,8.438178],[93.607677,8.569159]]],[[[92.811373,9.23117],[92.831981,9.145025],[92.799565,9.110154],[92.731212,9.130845],[92.708507,9.201606],[92.750987,9.261217],[92.811373,9.23117]]],[[[92.527592,10.895466],[92.595908,10.678364],[92.539835,10.620669],[92.574213,10.580624],[92.535423,10.524861],[92.384111,10.529328],[92.417003,10.629059],[92.379486,10.672122],[92.376721,10.78402],[92.41542,10.798863],[92.428966,10.850816],[92.527592,10.895466]]],[[[92.676524,11.412543],[92.69988,11.384426],[92.673188,11.367336],[92.593516,11.378363],[92.637218,11.430162],[92.63559,11.508043],[92.6963,11.454413],[92.676524,11.412543]]],[[[92.266775,11.589545],[92.285004,11.544013],[92.252126,11.529242],[92.217296,11.59809],[92.266775,11.589545]]],[[[93.014659,12.037177],[93.066417,11.899115],[92.947032,11.989691],[93.014659,12.037177]]],[[[93.103282,12.190497],[93.103282,12.102037],[93.094249,12.090969],[93.059337,12.153551],[93.073253,12.200832],[93.103282,12.190497]]],[[[92.733084,12.97248],[92.724376,12.872382],[92.682791,12.797309],[92.682791,12.961737],[92.708344,12.988674],[92.733084,12.97248]]],[[[92.977061,13.345364],[93.079438,13.259833],[93.036794,13.062161],[92.97934,13.029527],[92.964041,13.084662],[92.937022,13.067084],[92.952647,12.970771],[92.905284,12.982245],[92.876313,12.916653],[92.92449,12.914374],[92.964041,12.864936],[92.990571,12.519232],[92.936046,12.419908],[92.89503,12.454657],[92.901866,12.433539],[92.84669,12.433539],[92.91505,12.338365],[92.879242,12.312974],[92.894216,12.205024],[92.833669,12.118232],[92.757498,12.07746],[92.792654,12.036322],[92.740571,11.983629],[92.737478,11.878648],[92.761974,11.940131],[92.79949,11.899115],[92.76002,11.708686],[92.68393,11.649888],[92.696788,11.611233],[92.736013,11.68244],[92.761485,11.663642],[92.71697,11.494452],[92.625662,11.595404],[92.648692,11.638495],[92.60377,11.718899],[92.563243,11.725572],[92.566661,11.827135],[92.524913,11.857489],[92.570567,11.932603],[92.617686,11.8664],[92.640147,12.136135],[92.681814,12.219631],[92.720958,12.226549],[92.727794,12.172838],[92.792654,12.207668],[92.758556,12.265937],[92.792654,12.296373],[92.733653,12.318061],[92.717784,12.362494],[92.72169,12.599433],[92.783214,12.664984],[92.747732,12.692694],[92.737478,12.807196],[92.800304,12.857815],[92.834727,13.002021],[92.807953,13.020087],[92.854177,13.146064],[92.847423,13.344916],[92.949718,13.544623],[93.011729,13.550767],[93.011729,13.578111],[93.066417,13.537095],[93.07838,13.397121],[93.004242,13.331041],[92.977061,13.345364]]],[[[93.033214,13.680243],[93.052745,13.640204],[92.990571,13.667467],[93.033214,13.680243]]]]}},{"type":"Feature","properties":{"NAME_1":"Jharkhand"},"geometry":{"type":"Polygon","coordinates":[[[83.337063,24.140232],[83.453956,24.361588],[83.394218,24.474424],[83.437832,24.520933],[83.750165,24.508375],[83.808869,24.542507],[83.938267,24.548683],[84.021673,24.639039],[84.130503,24.469773],[84.156858,24.510985],[84.190241,24.476594],[84.202954,24.52132],[84.305376,24.530803],[84.314368,24.443134],[84.484487,24.302858],[84.588253,24.394429],[84.657603,24.37505],[84.688195,24.430705],[84.798473,24.496593],[84.835163,24.43794],[84.876298,24.436442],[84.908854,24.353682],[85.080626,24.393318],[85.088998,24.341951],[85.170957,24.430912],[85.280614,24.487265],[85.517085,24.499461],[85.578374,24.557804],[85.656818,24.557649],[85.64731,24.648573],[85.746012,24.770039],[85.849158,24.764458],[85.911583,24.698467],[86.040154,24.749988],[86.03292,24.712394],[86.097722,24.690483],[86.136686,24.569586],[86.290475,24.551551],[86.304634,24.500314],[86.276419,24.434814],[86.449742,24.343114],[86.49439,24.479798],[86.585651,24.561447],[86.702336,24.547778],[86.755356,24.588138],[86.889922,24.531604],[86.917827,24.612684],[87.042264,24.588396],[87.068102,24.778488],[87.119158,24.851145],[87.12815,25.001627],[87.185511,25.061985],[87.261372,25.063974],[87.302506,25.183915],[87.423429,25.18854],[87.523475,25.323778],[87.598715,25.266701],[87.770178,25.236987],[87.776276,25.096789],[87.844075,25.041547],[87.877458,24.938866],[87.854204,24.789702],[87.811002,24.785542],[87.874771,24.726088],[87.895338,24.661828],[87.87012,24.634698],[87.899989,24.620952],[87.849243,24.579534],[87.750851,24.593331],[87.788988,24.56956],[87.80046,24.500779],[87.733798,24.334691],[87.623727,24.260483],[87.661554,24.186198],[87.594065,24.178447],[87.563265,24.112069],[87.488541,24.132429],[87.491228,24.055922],[87.458156,24.019826],[87.33806,24.001843],[87.309017,24.056206],[87.235533,24.040419],[87.285143,23.940684],[87.241218,23.850844],[87.144686,23.878129],[87.170318,23.823533],[87.131871,23.803121],[86.877209,23.913063],[86.815094,23.836685],[86.799798,23.725529],[86.410468,23.616569],[86.273008,23.453737],[86.227946,23.443246],[86.126454,23.492468],[86.129141,23.578354],[86.039121,23.607164],[86.002224,23.585641],[86.004808,23.514224],[85.82549,23.479317],[85.84151,23.430095],[85.89484,23.416478],[85.829831,23.260803],[85.888432,23.163083],[86.001914,23.165098],[86.178027,23.005728],[86.506482,22.988339],[86.410468,22.935784],[86.399099,22.784966],[86.586891,22.680683],[86.611386,22.604254],[86.74006,22.55821],[86.759387,22.512089],[86.716289,22.505578],[86.718149,22.469404],[86.789876,22.415635],[86.803312,22.348378],[86.852508,22.302024],[86.772306,22.283911],[86.761867,22.240607],[86.686523,22.218024],[86.497181,22.334684],[86.366026,22.330058],[86.289545,22.409046],[86.039844,22.556737],[85.937835,22.49917],[85.993232,22.3352],[85.965223,22.263189],[85.974112,22.104594],[85.916234,22.022119],[85.834275,21.986126],[85.780635,22.022196],[85.792211,22.129089],[85.679143,22.075862],[85.410012,22.162007],[85.324126,22.126686],[85.220153,22.029147],[85.097886,22.113457],[84.986265,22.106661],[85.104707,22.330834],[85.065537,22.5032],[84.908337,22.421965],[84.80085,22.45018],[84.516733,22.421422],[84.497303,22.372201],[84.420822,22.330989],[84.310957,22.324012],[84.178562,22.364372],[84.067045,22.499583],[83.970203,22.539348],[84.056503,22.639316],[84.190965,22.70094],[84.228275,22.78308],[84.336899,22.861887],[84.331008,22.970304],[84.151587,23.024357],[84.119341,22.995677],[84.028908,23.146107],[84.028287,23.358394],[84.00431,23.388495],[83.960901,23.358704],[83.943951,23.382914],[83.95222,23.474924],[84.014541,23.553989],[83.986326,23.639023],[83.923694,23.623494],[83.916253,23.563756],[83.761534,23.596519],[83.720813,23.676152],[83.711821,23.800976],[83.540359,23.956729],[83.517518,24.075223],[83.337063,24.140232]]]}},{"type":"Feature","properties":{"NAME_1":"Delhi"},"geometry":{"type":"Polygon","coordinates":[[[77.200797,28.876791],[77.227152,28.783592],[77.313142,28.707266],[77.337533,28.626186],[77.297845,28.569393],[77.327404,28.519707],[77.241311,28.49746],[77.239865,28.44754],[77.193562,28.432606],[77.003393,28.558903],[76.872652,28.519422],[76.833688,28.578928],[76.947273,28.696156],[76.943552,28.826277],[77.067989,28.882088],[77.200797,28.876791]]]}},{"type":"Feature","properties":{"NAME_1":"Chandigarh"},"geometry":{"type":"Polygon","coordinates":[[[76.703773,30.781403],[76.814567,30.789129],[76.82728,30.680712],[76.780564,30.673451],[76.698089,30.74926],[76.703773,30.781403]]]}},{"type":"Feature","properties":{"NAME_1":"Madhya Pradesh"},"geometry":{"type":"Polygon","coordinates":[[[78.326103,26.859808],[78.563505,26.758496],[78.710059,26.798881],[78.861264,26.701265],[78.926067,26.706225],[79.040995,26.467997],[79.061149,26.349374],[78.938159,26.254599],[78.956556,26.197807],[78.919969,26.144658],[78.953145,26.100319],[78.808348,25.84155],[78.739825,25.789796],[78.747576,25.642725],[78.546451,25.572574],[78.370545,25.552678],[78.330031,25.464777],[78.251172,25.39783],[78.366307,25.186008],[78.324863,25.002169],[78.16911,24.865459],[78.224921,24.79412],[78.272256,24.62444],[78.223887,24.519227],[78.350494,24.407968],[78.329204,24.353682],[78.356489,24.309163],[78.423462,24.318258],[78.489401,24.410784],[78.809795,24.220227],[78.972369,24.422566],[78.97826,24.467422],[78.916248,24.4868],[78.922449,24.533309],[78.871083,24.625732],[78.740135,24.631003],[78.719774,24.656402],[78.723702,24.848716],[78.648874,24.940726],[78.573737,25.212156],[78.513585,25.273367],[78.582108,25.406744],[78.652285,25.409457],[78.727526,25.346386],[78.748816,25.426149],[78.726906,25.494465],[78.781889,25.524024],[78.800803,25.426872],[78.835529,25.419741],[78.891133,25.538106],[78.919142,25.504593],[78.909117,25.441393],[78.959966,25.426536],[78.935472,25.304063],[78.867672,25.237736],[78.879454,25.174794],[78.983427,25.237375],[78.99862,25.282695],[79.047403,25.256934],[79.011333,25.213991],[79.024045,25.174639],[79.109001,25.195026],[79.125848,25.14384],[79.17153,25.181667],[79.279533,25.164278],[79.261963,25.295924],[79.311573,25.36455],[79.289559,25.279543],[79.310332,25.243808],[79.441797,25.297268],[79.339065,25.147406],[79.347126,25.075214],[79.391981,25.074129],[79.399009,25.141334],[79.479521,25.105548],[79.553728,25.179032],[79.801672,25.131929],[79.866991,25.155829],[79.833815,25.223603],[79.852108,25.247839],[80.087029,25.361631],[80.124546,25.350959],[80.198134,25.416433],[80.275752,25.416485],[80.322054,25.288276],[80.399362,25.244041],[80.421996,25.185982],[80.26986,25.088598],[80.297146,25.012065],[80.40701,25.013357],[80.4067,25.063768],[80.47822,25.018344],[80.513877,25.050461],[80.458479,25.117046],[80.546433,25.107538],[80.564623,25.152444],[80.63883,25.073431],[80.717895,25.081984],[80.666425,25.149706],[80.777426,25.16309],[80.835407,25.217738],[80.858868,25.187558],[80.761717,24.983307],[81.004699,24.966435],[81.09813,24.908609],[81.181433,24.958141],[81.174611,25.011083],[81.235486,25.089115],[81.243238,25.169523],[81.360543,25.156966],[81.369638,25.11162],[81.418421,25.104127],[81.469167,25.126942],[81.425345,25.164821],[81.536967,25.199754],[81.577894,25.084542],[81.707602,25.065292],[81.752767,25.020489],[81.842064,25.027077],[81.873173,24.929977],[81.956062,24.871015],[82.122151,24.808098],[82.208657,24.843109],[82.208037,24.764303],[82.26302,24.791174],[82.265191,24.715443],[82.323379,24.693764],[82.307049,24.632011],[82.409678,24.635628],[82.427145,24.718569],[82.595093,24.687744],[82.708161,24.721515],[82.818025,24.589404],[82.734413,24.551628],[82.764799,24.33004],[82.732863,24.21413],[82.673848,24.180333],[82.800869,23.998716],[82.779061,23.939004],[82.670024,23.89557],[82.643049,23.837072],[82.498665,23.772399],[82.077399,23.801364],[81.936942,23.840664],[81.808681,23.794749],[81.681867,23.885132],[81.619546,23.867562],[81.685898,23.706512],[81.591434,23.561172],[81.628331,23.487817],[81.759485,23.543524],[81.927537,23.495414],[82.034404,23.367618],[82.113262,23.368832],[82.186333,23.30943],[82.156567,23.148303],[82.129385,23.096498],[82.070784,23.100347],[81.946141,23.042961],[81.940249,22.945835],[81.779329,22.835816],[81.76641,22.663992],[81.669568,22.609292],[81.642283,22.550846],[81.417801,22.437494],[81.358063,22.497955],[81.234866,22.444496],[81.199416,22.481755],[81.164793,22.465296],[81.122522,22.400519],[81.118904,22.294608],[81.030641,22.21066],[81.016068,22.129476],[80.986406,22.114542],[81.002219,22.063124],[80.977724,22.05284],[80.934729,22.099943],[80.903414,22.085293],[80.835097,21.950986],[80.821558,21.802778],[80.739806,21.741464],[80.721409,21.473212],[80.679034,21.351152],[80.625601,21.326476],[80.484421,21.401821],[80.402669,21.394328],[80.402669,21.480214],[80.310168,21.580233],[80.186661,21.63948],[80.005277,21.548323],[79.849731,21.52941],[79.758781,21.594083],[79.565201,21.538815],[79.486342,21.663484],[79.258656,21.714256],[79.215765,21.65457],[78.950354,21.590362],[78.917592,21.513907],[78.799563,21.489309],[78.626653,21.479413],[78.497152,21.528531],[78.427906,21.508481],[78.413333,21.606304],[78.365997,21.625425],[78.192675,21.551114],[78.085601,21.462411],[77.910211,21.40058],[77.794456,21.424558],[77.702989,21.37792],[77.568423,21.386421],[77.519537,21.417659],[77.493803,21.391201],[77.431998,21.534216],[77.574935,21.548323],[77.548373,21.707435],[77.474062,21.767302],[77.332985,21.774459],[77.218987,21.700846],[77.115531,21.724049],[76.917404,21.618086],[76.814051,21.600129],[76.77705,21.48011],[76.637111,21.349214],[76.653957,21.251313],[76.625949,21.208835],[76.498308,21.180361],[76.410354,21.096723],[76.286641,21.074812],[76.166855,21.09432],[76.108564,21.153128],[76.142877,21.193125],[76.082933,21.368076],[75.877777,21.399779],[75.521106,21.371771],[75.209498,21.40288],[75.129916,21.437684],[75.011473,21.57349],[74.864712,21.616123],[74.708133,21.611162],[74.521167,21.717564],[74.485614,21.945973],[74.407686,22.023049],[74.249039,21.929773],[74.12884,21.951761],[74.140622,22.07147],[74.066208,22.205622],[74.059387,22.320628],[74.084915,22.349411],[74.136798,22.320912],[74.196536,22.332694],[74.245732,22.385611],[74.098144,22.416927],[74.025694,22.47961],[74.033445,22.509634],[74.151474,22.510306],[74.272707,22.609654],[74.368929,22.641176],[74.459052,22.822457],[74.4266,22.871628],[74.359317,22.883797],[74.323453,23.036062],[74.387429,23.072597],[74.476106,23.062365],[74.719605,23.169439],[74.65842,23.226464],[74.53636,23.250907],[74.521271,23.289742],[74.631445,23.420354],[74.853344,23.526962],[74.934992,23.666411],[74.903056,23.855263],[74.968479,24.041298],[74.900266,24.117391],[74.869983,24.236118],[74.730974,24.26777],[74.766424,24.35872],[74.846832,24.435511],[74.711853,24.523852],[74.784304,24.668133],[74.78141,24.781743],[74.881145,24.664877],[74.956903,24.683016],[74.979227,24.777454],[74.83257,24.800528],[74.817067,24.927497],[74.995144,24.864116],[75.095396,24.896594],[75.093846,24.977778],[75.133326,25.040022],[75.319362,25.059556],[75.29156,24.996278],[75.320292,24.935248],[75.251355,24.93654],[75.245154,24.911425],[75.405765,24.890212],[75.297451,24.839389],[75.186863,24.892899],[75.210428,24.821043],[75.173634,24.774664],[75.192238,24.731902],[75.448036,24.703144],[75.747036,24.78009],[75.813388,24.717665],[75.813698,24.663895],[75.869406,24.599377],[75.873953,24.501089],[75.837573,24.46998],[75.765433,24.493363],[75.734427,24.423962],[75.75179,24.342261],[75.803983,24.292523],[75.746416,24.171884],[75.806154,24.097703],[75.729983,24.00068],[75.683577,24.024632],[75.621772,23.995228],[75.529478,24.04259],[75.48607,23.988924],[75.501366,23.921744],[75.578157,23.875726],[75.597071,23.8179],[75.692879,23.789143],[75.728742,23.916241],[75.792511,23.881876],[75.986711,23.964894],[75.984747,24.036854],[76.116626,24.134031],[76.123964,24.312005],[76.173573,24.351486],[76.214501,24.283764],[76.45614,24.265031],[76.511537,24.209091],[76.552051,24.22139],[76.581713,24.282446],[76.660778,24.309602],[76.66915,24.223586],[76.766612,24.160334],[76.86273,24.175036],[76.894149,24.229658],[76.820459,24.3373],[76.806713,24.5654],[76.875752,24.565297],[76.922261,24.496076],[77.035226,24.538399],[77.060857,24.577854],[77.014555,24.699165],[76.956368,24.742599],[76.848054,24.759703],[76.782735,24.826754],[76.881747,24.890522],[76.84733,25.012375],[76.999362,25.08772],[77.200384,25.129345],[77.328851,25.108623],[77.382388,25.14291],[77.398925,25.212234],[77.357894,25.27993],[77.358514,25.41186],[77.281206,25.442659],[77.181057,25.342536],[77.095791,25.355378],[76.922778,25.306388],[76.652304,25.379175],[76.551431,25.460126],[76.521459,25.550172],[76.478361,25.7198],[76.512674,25.74463],[76.523112,25.812146],[76.641141,25.920434],[76.740153,25.923224],[76.907998,26.098588],[77.082458,26.185275],[77.124729,26.237856],[77.209686,26.241964],[77.335776,26.361104],[77.415151,26.364851],[77.441816,26.413272],[77.51437,26.416372],[77.715081,26.506031],[77.831456,26.575768],[77.819157,26.605069],[77.90277,26.664032],[78.0794,26.682919],[78.101207,26.795109],[78.15154,26.783198],[78.169007,26.822162],[78.254893,26.81733],[78.326103,26.859808]]]}},{"type":"Feature","properties":{"NAME_1":"Chhattisgarh"},"geometry":{"type":"Polygon","coordinates":[[[83.08881,23.911047],[83.221308,23.954223],[83.337063,24.140232],[83.510696,24.082897],[83.540359,23.956729],[83.711821,23.800976],[83.720813,23.676152],[83.761534,23.596519],[83.916253,23.563756],[83.923694,23.623494],[83.986326,23.639023],[84.014541,23.553989],[83.95222,23.474924],[83.943951,23.382914],[83.960901,23.358704],[84.00431,23.388495],[84.028287,23.358394],[84.028908,23.146107],[84.089059,23.084819],[84.115,22.998855],[84.145386,22.993351],[84.151587,23.024357],[84.318399,22.985393],[84.352195,22.88558],[84.228275,22.78308],[84.190965,22.70094],[83.988703,22.585934],[83.968136,22.522553],[83.996455,22.440543],[83.955734,22.378712],[83.841425,22.348584],[83.623661,22.21327],[83.556998,22.129425],[83.571054,22.05837],[83.522168,22.028371],[83.512867,21.973052],[83.570641,21.923055],[83.564853,21.853576],[83.511213,21.796241],[83.466875,21.799987],[83.327658,21.499153],[83.384916,21.389444],[83.379748,21.339189],[83.279393,21.3588],[83.198261,21.172558],[83.143587,21.120623],[83.06938,21.116773],[82.96458,21.178527],[82.656692,21.152611],[82.562124,20.954458],[82.463008,20.855394],[82.415879,20.833819],[82.400997,20.872421],[82.345909,20.872447],[82.367614,20.669255],[82.340122,20.542493],[82.420324,20.45162],[82.415569,20.066967],[82.611216,19.988134],[82.695035,20.000537],[82.684493,19.895401],[82.712812,19.849564],[82.592716,19.769104],[82.579074,19.843156],[82.475927,19.872379],[82.361102,19.883903],[82.304878,19.823312],[82.217855,19.972993],[82.164732,19.979427],[82.090731,20.054694],[82.021898,20.011673],[81.9449,20.105569],[81.867799,20.046658],[81.817156,19.92434],[81.960093,19.796337],[82.036161,19.767088],[82.031923,19.508448],[82.167522,19.405224],[82.135276,19.35577],[82.17176,19.316857],[82.145715,19.225313],[82.159668,19.122838],[82.224987,19.015196],[82.22447,18.921946],[82.166179,18.873835],[82.138894,18.747254],[82.098689,18.770612],[82.069854,18.719762],[81.903352,18.634083],[81.947071,18.567601],[81.73313,18.349578],[81.542548,18.262451],[81.474438,17.960015],[81.444156,17.879736],[81.397337,17.883146],[81.39403,17.806691],[81.245201,17.803694],[81.157248,17.837904],[81.029401,17.776977],[80.985579,17.840462],[80.93814,18.066159],[80.959121,18.148247],[80.873545,18.137575],[80.828276,18.215297],[80.799441,18.168736],[80.742596,18.166979],[80.732054,18.207261],[80.774222,18.248525],[80.665185,18.449985],[80.502611,18.59995],[80.409077,18.588866],[80.372076,18.615557],[80.352026,18.592276],[80.261386,18.744515],[80.349235,18.830918],[80.271824,18.979436],[80.366599,19.117386],[80.405356,19.250402],[80.575992,19.391969],[80.617436,19.318563],[80.679965,19.321534],[80.720479,19.261564],[80.830963,19.334247],[80.805745,19.403338],[80.86941,19.419358],[80.897006,19.468605],[80.838095,19.543123],[80.701359,19.597512],[80.667666,19.689005],[80.574545,19.72877],[80.537751,19.81091],[80.500751,19.81091],[80.47884,19.766468],[80.408973,19.791996],[80.486075,19.85499],[80.427474,19.888244],[80.444837,19.931213],[80.531137,19.920697],[80.557181,20.048337],[80.53062,20.134869],[80.418172,20.148874],[80.424373,20.234088],[80.622397,20.325891],[80.634903,20.51234],[80.614646,20.606184],[80.49486,20.601172],[80.572994,20.697574],[80.552117,20.919318],[80.471709,20.936268],[80.435328,20.999235],[80.459616,21.135868],[80.678414,21.301982],[80.739806,21.741464],[80.821558,21.802778],[80.835097,21.950986],[80.903414,22.085293],[80.934729,22.099943],[80.977724,22.05284],[81.002219,22.063124],[80.986406,22.114542],[81.016068,22.129476],[81.030641,22.21066],[81.118904,22.294608],[81.122522,22.400519],[81.164793,22.465296],[81.199416,22.481755],[81.234866,22.444496],[81.358063,22.497955],[81.417801,22.437494],[81.642283,22.550846],[81.669568,22.609292],[81.76641,22.663992],[81.779329,22.835816],[81.940249,22.945835],[81.946141,23.042961],[82.141684,23.113215],[82.189743,23.288734],[82.124941,23.362192],[82.034404,23.367618],[81.927537,23.495414],[81.759485,23.543524],[81.628331,23.487817],[81.591434,23.561172],[81.685898,23.706512],[81.619546,23.867562],[81.681867,23.885132],[81.808681,23.794749],[81.936942,23.840664],[82.077399,23.801364],[82.498665,23.772399],[82.643049,23.837072],[82.670024,23.89557],[82.768106,23.928953],[82.800869,23.998716],[82.936468,23.920168],[83.08881,23.911047]]]}},{"type":"Feature","properties":{"NAME_1":"Haryana"},"geometry":{"type":"Polygon","coordinates":[[[76.810123,30.934262],[76.84702,30.898683],[76.905725,30.899303],[77.001533,30.777347],[77.12597,30.711382],[77.150258,30.663994],[77.134135,30.554363],[77.208135,30.476951],[77.241001,30.489328],[77.380528,30.429254],[77.452048,30.454782],[77.434375,30.421218],[77.513336,30.424939],[77.587957,30.370446],[77.570077,30.27823],[77.229943,29.976646],[77.180437,29.804253],[77.087832,29.6585],[77.099821,29.589021],[77.05817,29.555483],[77.065612,29.503677],[77.120285,29.483782],[77.065612,29.424845],[77.148191,29.414923],[77.133928,29.116363],[77.219917,28.90604],[77.155219,28.861649],[77.067989,28.882088],[76.954404,28.835475],[76.947273,28.696156],[76.833688,28.578928],[76.872652,28.519422],[77.003393,28.558903],[77.193562,28.432606],[77.239865,28.44754],[77.241311,28.49746],[77.327404,28.519707],[77.37722,28.455344],[77.407606,28.468986],[77.428173,28.430668],[77.465794,28.434285],[77.468171,28.396691],[77.497006,28.393254],[77.466517,28.315223],[77.538658,28.243057],[77.497006,28.208924],[77.538658,28.180993],[77.494939,28.151848],[77.503828,28.092859],[77.469721,28.112729],[77.468068,28.046815],[77.529253,27.952506],[77.469928,27.888065],[77.233663,27.793291],[77.205655,27.817501],[77.040807,27.807295],[77.032022,27.781354],[77.077807,27.746162],[76.910479,27.670404],[76.890118,27.68968],[76.919367,27.70756],[76.900867,27.744095],[76.943552,27.865225],[76.920401,28.05157],[76.941485,28.135337],[76.842679,28.233936],[76.646826,28.085521],[76.657988,28.016972],[76.559493,27.97129],[76.521769,28.038315],[76.445598,28.064696],[76.4765,28.084746],[76.441567,28.122108],[76.483012,28.11738],[76.453453,28.162829],[76.36798,28.15637],[76.302557,28.199235],[76.340695,28.13973],[76.304418,28.117638],[76.343795,28.085883],[76.332943,28.051802],[76.253775,28.080198],[76.175227,28.072835],[76.15962,28.044283],[76.209126,27.827397],[76.179051,27.807657],[76.120346,27.851866],[75.987538,27.847887],[75.926353,27.937597],[75.986091,27.970619],[75.966247,28.001314],[76.030016,28.102135],[75.97927,28.084953],[75.941442,28.117716],[76.032496,28.187815],[76.081382,28.174585],[75.957772,28.343464],[75.887079,28.403848],[75.772874,28.432528],[75.773081,28.469761],[75.593557,28.642671],[75.485966,28.926839],[75.518729,28.988825],[75.392949,29.105976],[75.376309,29.170132],[75.410002,29.201293],[75.388091,29.257646],[75.338172,29.234547],[75.313781,29.298935],[75.249702,29.256406],[75.181592,29.273252],[75.079583,29.236329],[75.042066,29.285706],[74.969616,29.284337],[74.925484,29.366011],[74.831226,29.403761],[74.612841,29.332809],[74.537084,29.441382],[74.610051,29.487787],[74.574808,29.589693],[74.60478,29.755032],[74.498326,29.736247],[74.459362,29.763093],[74.481893,29.823503],[74.547006,29.860813],[74.516517,29.94719],[74.650669,29.914066],[74.710717,29.968378],[74.81624,29.98631],[74.918663,29.948379],[74.99566,29.872983],[75.102114,29.923807],[75.100254,29.826914],[75.144799,29.793866],[75.193168,29.832675],[75.23823,29.748779],[75.17229,29.684933],[75.234612,29.561788],[75.301792,29.580494],[75.296727,29.633954],[75.45248,29.809214],[75.698563,29.768984],[75.796955,29.830195],[75.886665,29.749244],[76.043865,29.758158],[76.22556,29.869082],[76.176984,29.945537],[76.216568,30.075193],[76.252741,30.088577],[76.205819,30.113046],[76.213881,30.137489],[76.373457,30.116973],[76.409321,30.185884],[76.454589,30.101625],[76.531381,30.083978],[76.624812,30.142837],[76.641451,30.197976],[76.590809,30.246681],[76.545333,30.217794],[76.539132,30.245131],[76.729715,30.349595],[76.727648,30.420056],[76.82945,30.427084],[76.869241,30.362359],[76.90035,30.372022],[76.901487,30.598804],[76.82728,30.680712],[76.811674,30.777657],[76.835238,30.83587],[76.768162,30.907597],[76.810123,30.934262]]]}},{"type":"Feature","properties":{"NAME_1":"Telangana"},"geometry":{"type":"Polygon","coordinates":[[[77.583306,18.291545],[77.552714,18.345831],[77.502588,18.381591],[77.559225,18.50763],[77.60222,18.55662],[77.688519,18.574732],[77.712394,18.689454],[77.781123,18.703768],[77.839311,18.80955],[77.912072,18.835362],[77.839001,18.947009],[77.766551,18.989358],[77.751978,19.045892],[77.836727,19.126688],[77.889954,19.271356],[77.865459,19.29735],[77.911451,19.330267],[77.989069,19.324996],[78.050978,19.265414],[78.16787,19.264096],[78.174381,19.374657],[78.211898,19.440132],[78.302642,19.482765],[78.333441,19.643272],[78.403411,19.719262],[78.329514,19.838557],[78.329204,19.891293],[78.477722,19.799128],[78.533739,19.824656],[78.780029,19.776674],[78.934852,19.598184],[79.197731,19.461883],[79.266002,19.589555],[79.576363,19.508112],[79.636101,19.569814],[79.795781,19.594101],[79.963833,19.426024],[79.928486,19.26053],[79.943782,19.169218],[79.861823,19.081084],[79.864717,19.048398],[79.93355,19.053127],[79.964866,18.935356],[79.960319,18.867117],[79.91691,18.826577],[80.090543,18.69749],[80.294665,18.71338],[80.352026,18.592276],[80.372076,18.615557],[80.409077,18.588866],[80.486591,18.606177],[80.583433,18.541375],[80.696191,18.412287],[80.770088,18.259015],[80.735052,18.173749],[80.799441,18.168736],[80.828276,18.215297],[80.873545,18.137575],[80.959121,18.148247],[80.93814,18.066159],[81.015448,17.78522],[81.157248,17.837904],[81.245201,17.803694],[81.479812,17.787519],[81.511232,17.826277],[81.578411,17.79695],[81.758969,17.908933],[81.786569,17.863122],[81.573892,17.70453],[81.469526,17.420487],[81.408339,17.370643],[81.214333,17.323635],[81.144193,17.249538],[80.930786,17.19252],[80.855771,17.053066],[80.669698,17.079924],[80.590939,17.139791],[80.501756,17.10797],[80.467415,17.035749],[80.39736,17.079085],[80.38431,16.975982],[80.474283,16.936564],[80.586234,16.933936],[80.56563,16.861648],[80.59791,16.793278],[80.506146,16.792487],[80.393136,16.838522],[80.329119,16.889756],[80.254109,17.023596],[80.153134,17.023136],[80.012698,16.902147],[80.002428,16.871004],[80.073334,16.822862],[79.9581,16.630439],[79.909679,16.631293],[79.882335,16.703233],[79.826264,16.692084],[79.771658,16.727118],[79.550548,16.629706],[79.504324,16.641872],[79.417735,16.590196],[79.265636,16.569607],[79.213471,16.493232],[79.233409,16.330512],[79.201427,16.228624],[79.021658,16.247138],[78.897716,16.142768],[78.846934,16.150743],[78.839447,16.066718],[78.760916,16.027696],[78.6456,16.071601],[78.559662,16.056708],[78.499766,16.093777],[78.399994,16.083441],[78.299815,16.022813],[78.244395,16.03852],[78.235281,15.950466],[78.100352,15.829657],[77.8956,15.917996],[77.660574,15.895575],[77.446467,15.95298],[77.483674,16.002073],[77.490805,16.261592],[77.55261,16.332156],[77.493286,16.378174],[77.293711,16.406518],[77.257435,16.449358],[77.370916,16.524289],[77.44626,16.640768],[77.41112,16.647821],[77.445537,16.69017],[77.40957,16.737842],[77.467758,17.025809],[77.425176,17.142339],[77.370399,17.169159],[77.37443,17.222567],[77.525635,17.430435],[77.653173,17.500069],[77.685832,17.567171],[77.599119,17.54681],[77.582583,17.578772],[77.492872,17.57761],[77.411534,17.630785],[77.463623,17.713415],[77.53132,17.754007],[77.507859,17.834726],[77.626714,17.942187],[77.559122,18.078354],[77.600979,18.125121],[77.568527,18.233745],[77.583306,18.291545]]]}},{"type":"Feature","properties":{"NAME_1":"Jammu and Kashmir"},"geometry":{"type":"Polygon","coordinates":[[[74.662553,32.498379],[74.629584,32.588089],[74.689115,32.808825],[74.671752,32.840581],[74.573773,32.75255],[74.500909,32.746013],[74.438691,32.785984],[74.34619,32.76689],[74.316989,32.823067],[73.983008,32.969074],[73.943011,33.018192],[73.805861,33.015144],[73.640497,33.103304],[73.622513,33.124491],[73.654863,33.184694],[73.614659,33.232443],[73.581172,33.229161],[73.603186,33.333031],[73.573834,33.387395],[73.627578,33.452068],[73.635019,33.540796],[73.573111,33.633659],[73.600293,33.70859],[73.56722,33.803442],[73.579829,33.910464],[73.518644,34.00777],[73.474099,34.269176],[73.400201,34.375526],[73.436685,34.522157],[73.464074,34.570552],[73.593161,34.588329],[73.623444,34.56399],[73.650832,34.676696],[73.740232,34.784751],[73.883996,34.810693],[74.017838,34.880663],[74.100314,35.009647],[74.067551,35.055381],[74.123051,35.107471],[74.101864,35.140492],[73.809618,35.233521],[73.722146,35.215733],[73.69021,35.35743],[73.784157,35.44714],[73.772065,35.521967],[73.40971,35.547754],[73.382528,35.588216],[73.307081,35.600309],[73.125593,35.724797],[73.154738,35.824895],[73.088386,35.875899],[72.872172,35.874297],[72.792383,35.837555],[72.515604,35.903959],[72.589088,36.016149],[72.529144,36.097539],[72.572035,36.242698],[72.621851,36.27665],[72.692441,36.271069],[72.876926,36.384292],[72.895736,36.461548],[72.98493,36.472762],[72.979865,36.507799],[73.055003,36.539631],[73.094484,36.603297],[73.0734,36.698536],[73.416014,36.752073],[73.678634,36.703962],[73.721215,36.727113],[73.879345,36.71161],[73.887304,36.770522],[73.720285,36.851137],[73.711842,36.894139],[74.035305,36.815583],[74.094319,36.831241],[74.129666,36.898421],[74.235706,36.902167],[74.43559,37.003221],[74.537393,36.962241],[74.542354,37.021669],[74.66245,37.054484],[74.824507,36.994125],[74.87236,36.907102],[74.924966,36.970871],[75.100149,36.994125],[75.351297,36.915784],[75.431912,36.722928],[75.49258,36.720705],[75.570508,36.766749],[75.64978,36.754037],[75.849768,36.644741],[75.976582,36.462633],[75.96883,36.301971],[76.014409,36.230399],[75.97007,36.202339],[75.971517,36.155004],[75.901444,36.113611],[75.899997,36.063485],[75.953017,36.007261],[76.08996,35.978115],[76.166027,35.806239],[76.403119,35.830992],[76.537168,35.902513],[76.570757,35.751256],[76.763407,35.647076],[76.842989,35.641288],[76.915026,35.583152],[77.039049,35.585013],[77.141265,35.525378],[77.281102,35.528013],[77.383731,35.471996],[77.660613,35.458095],[77.800346,35.495406],[77.042426,35.107014],[77.013108,34.986393],[76.921123,34.920712],[76.852601,34.943346],[76.757619,34.915131],[76.743873,34.819271],[76.63959,34.741136],[76.535824,34.726202],[76.438156,34.762892],[76.154969,34.661658],[76.023401,34.677161],[75.777111,34.503812],[75.611643,34.49836],[75.348093,34.55722],[75.374549,34.370981],[75.584564,34.210116],[75.6634,34.19923],[75.741656,34.066434],[75.879592,33.963696],[76.024367,33.982089],[76.166381,33.873232],[76.235838,33.728794],[76.246099,33.574094],[76.488031,33.502231],[76.646566,33.352107],[76.739843,33.197406],[76.625949,33.189292],[76.542439,33.232856],[76.396712,33.197716],[76.294289,33.147899],[76.237032,33.063486],[76.100813,33.01305],[75.954672,32.901377],[75.814629,32.931789],[75.811735,32.884298],[75.9093,32.772703],[75.922632,32.617338],[75.828581,32.497887],[75.743005,32.464375],[75.698253,32.406033],[75.5733,32.374639],[75.5024,32.300587],[75.441938,32.359756],[75.298403,32.332427],[75.023668,32.466262],[74.724978,32.46081],[74.662553,32.498379]]]}},{"type":"Feature","properties":{"NAME_1":"Ladakh"},"geometry":{"type":"Polygon","coordinates":[[[77.800346,35.495406],[77.883132,35.431068],[77.985865,35.494165],[78.044259,35.491633],[78.001161,35.268908],[78.130042,35.055432],[78.148129,34.94314],[78.296027,34.624658],[78.379432,34.578666],[78.664583,34.526421],[78.801732,34.415006],[78.922138,34.372296],[78.976192,34.309173],[78.976192,34.217163],[78.730109,34.079265],[78.721117,33.994386],[78.787263,33.808428],[78.800905,33.494236],[78.964986,33.344254],[79.098028,33.287655],[79.23101350470536,33.29198199372619],[79.0,33.6],[79.6,35.5],[80.3,35.3],[80.5,34.8],[80.3,34.0],[79.8,33.5],[79.42250559990684,33.273503359944115],[79.456096,33.250399],[79.37317,33.11214],[79.399273,33.026878],[79.333586,32.994292],[79.414089,32.972053],[79.620673,32.728725],[79.443497,32.534773],[79.40682,32.529683],[79.379477,32.57645],[79.320466,32.592267],[79.287412,32.532579],[79.112928,32.472386],[79.075307,32.37079],[78.943429,32.346373],[78.77145,32.461663],[78.73693,32.545792],[78.750986,32.612791],[78.713262,32.637518],[78.630166,32.578013],[78.408165,32.558376],[78.313391,32.471739],[78.282178,32.480653],[78.299438,32.588657],[78.37778,32.657335],[78.360416,32.767613],[78.317732,32.764667],[78.243731,32.69294],[78.008913,32.61031],[77.857915,32.873007],[77.721075,33.012636],[77.371329,32.867038],[77.135788,32.92675],[76.940141,33.034289],[76.739843,33.197406],[76.646566,33.352107],[76.488031,33.502231],[76.246099,33.574094],[76.235838,33.728794],[76.166381,33.873232],[76.024367,33.982089],[75.879592,33.963696],[75.741656,34.066434],[75.6634,34.19923],[75.584564,34.210116],[75.374549,34.370981],[75.348093,34.55722],[75.611643,34.49836],[75.777111,34.503812],[76.023401,34.677161],[76.154969,34.661658],[76.438156,34.762892],[76.535824,34.726202],[76.652613,34.746976],[76.743873,34.819271],[76.757619,34.915131],[76.852601,34.943346],[76.921123,34.920712],[77.013108,34.986393],[77.042426,35.107014],[77.800346,35.495406]]]}}]}